item_id,n_all,n_kept,cnt_all_No,cnt_all_Yes,cnt_all_Unsure,cnt_kept_No,cnt_kept_Yes,cnt_kept_Unsure,p_all_No,p_all_Yes,p_all_Unsure,p_kept_No,p_kept_Yes,p_kept_Unsure,tvd,jsd,js_dist,entropy_all,entropy_kept,maj_all,maj_kept,d_yes,d_unsure,maj_changed,ent_bin,jsd_bin,ent_bin_all,min_cell_all,chi_term
1,123,104,81,32,10,70,27,7,0.6585365853658537,0.2601626016260163,0.08130081300813,0.6730769230769231,0.2596153846153846,0.0673076923076923,0.014540337711069419,0.0005334039917217,0.0230955405159036,1.196602869708929,1.151562235458741,No,No,-0.0005472170106316,-0.0139931207004377,False,medium,2.807495332879384e-07,0.8269916414523996,0.08130081300813,0.0027306296912666863
2,123,104,79,33,11,66,29,9,0.6422764227642277,0.2682926829268293,0.089430894308943,0.6346153846153846,0.2788461538461538,0.0865384615384615,0.010553470919324563,0.0001071500493337,0.0103513308001292,1.230990661031676,1.2356244705513006,No,No,0.0105534709193245,-0.0028924327704815,False,high,0.0001010727613645,0.8390040613676977,0.089430894308943,0.0006000571969413191
3,123,104,72,39,12,61,33,10,0.5853658536585366,0.3170731707317073,0.0975609756097561,0.5865384615384616,0.3173076923076923,0.0961538461538461,0.0014071294559099903,4.141032707405401e-06,0.0020349527531137,1.305239410639012,1.301792944304182,No,No,0.0002345215759849,-0.0014071294559099,False,high,4.579631052159528e-08,0.9011701959974224,0.0975609756097561,2.281757320588857e-05
4,123,104,37,76,10,29,67,8,0.3008130081300813,0.6178861788617886,0.08130081300813,0.2788461538461538,0.6442307692307693,0.0769230769230769,0.026344590368980625,0.0005423583746781,0.0232885889370351,1.2448596557550344,1.207079866031762,Yes,Yes,0.0263445903689806,-0.0043777360850531,False,high,0.0005376630558351,0.9595212772858948,0.08130081300813,0.002963097450066079
5,123,104,63,45,15,52,39,13,0.5121951219512195,0.3658536585365853,0.1219512195121951,0.5,0.375,0.125,0.012195121951219558,0.000107298142902,0.0103584816890315,1.395316265912753,1.4056390622295665,No,No,0.0091463414634146,0.0030487804878048,False,high,6.469028853117731e-05,0.9474351361840307,0.1219512195121951,0.0005952380952380997
6,123,104,94,24,5,81,21,2,0.7642276422764228,0.1951219512195122,0.040650406504065,0.7788461538461539,0.2019230769230769,0.0192307692307692,0.021419637273295766,0.0029175721127113,0.0540145546377212,0.944302370790927,0.856530909371779,No,No,0.0068011257035647,-0.0214196372732958,False,low,5.242788573789348e-05,0.7120640548905479,0.040650406504065,0.011803189522220819
7,123,104,62,43,18,52,36,16,0.5040650406504065,0.3495934959349593,0.1463414634146341,0.5,0.3461538461538461,0.1538461538461538,0.007504690431519689,7.974481978068049e-05,0.0089299955084356,1.4339925075982796,1.4452458201097456,No,No,-0.0034396497811132,0.0075046904315197,False,high,9.40504845270418e-06,0.9337044887280268,0.1463414634146341,0.0004514812134986399
8,123,104,23,95,5,16,84,4,0.1869918699186991,0.7723577235772358,0.040650406504065,0.1538461538461538,0.8076923076923077,0.0384615384615384,0.035334584115071926,0.0014712840550783,0.0383573207494781,0.9279791536710436,0.8451064151274781,Yes,Yes,0.0353345841150719,-0.0021888680425265,False,low,0.0013585934338922,0.7738785654282403,0.040650406504065,0.007609711183025732
9,123,104,106,15,2,90,13,1,0.8617886178861789,0.1219512195121951,0.016260162601626,0.8653846153846154,0.125,0.0096153846153846,0.006644777986241413,0.0006386657112311,0.0252718363248729,0.651759000316257,0.6199349584727756,No,No,0.0030487804878048,-0.0066447779862414,False,low,1.548821530583666e-05,0.5349436990971066,0.016260162601626,0.002806638662498608
10,123,104,74,41,8,62,37,5,0.6016260162601627,0.3333333333333333,0.065040650406504,0.5961538461538461,0.3557692307692308,0.048076923076923,0.022435897435897488,0.0011935400426621,0.0345476488731453,1.2257731943970958,1.1858283119228783,No,No,0.0224358974358974,-0.0169637273295809,False,high,0.0004020096425287,0.9182958340544896,0.065040650406504,0.005984315028786198
11,123,104,45,67,11,37,58,9,0.3658536585365853,0.5447154471544715,0.089430894308943,0.3557692307692308,0.5576923076923077,0.0865384615384615,0.012976860537836109,0.0001230746861438,0.0110939031068334,1.319627408587074,1.3058051291156003,Yes,Yes,0.0129768605378361,-0.0028924327704815,False,high,0.0001227652090741,0.994223030575853,0.089430894308943,0.0006806673999555696
12,123,104,58,53,12,49,43,12,0.4715447154471545,0.4308943089430894,0.0975609756097561,0.4711538461538461,0.4134615384615384,0.1153846153846153,0.017823639774859297,0.0006685816934437,0.0258569467154137,1.3623337588522269,1.3978462871556183,No,No,-0.017432770481551,0.0178236397748592,False,high,0.0002246738416558,0.9861763323473928,0.0975609756097561,0.003961846687044969
13,123,104,20,94,9,16,79,9,0.1626016260162601,0.7642276422764228,0.073170731707317,0.1538461538461538,0.7596153846153846,0.0865384615384615,0.013367729831144516,0.0004964429924281,0.0222810007052673,0.9986182535634188,1.0222858323817463,Yes,Yes,-0.0046122576610382,0.0133677298311444,False,medium,2.1148843176943544e-05,0.787938888132756,0.073170731707317,0.002941465756011596
14,123,104,85,33,5,73,27,4,0.6910569105691057,0.2682926829268293,0.040650406504065,0.7019230769230769,0.2596153846153846,0.0384615384615384,0.010866166353971248,0.0001038631616945,0.0101913277689675,1.0654992534289112,1.044293993557872,No,No,-0.0086772983114446,-0.0021888680425265,False,medium,6.989328086703939e-05,0.8390040613676977,0.040650406504065,0.000569368414391043
15,123,104,4,118,1,2,101,1,0.032520325203252,0.959349593495935,0.008130081300813,0.0192307692307692,0.971153846153846,0.0096153846153846,0.013289555972482738,0.0013157036979737,0.036272630149656,0.2746130433498312,0.2150612589302146,Yes,Yes,0.0118042526579111,0.0014853033145716,False,low,0.0007527006405662,0.2452663728259546,0.008130081300813,0.005847426286230067
16,123,104,91,20,12,77,17,10,0.7398373983739838,0.1626016260162601,0.0975609756097561,0.7403846153846154,0.1634615384615384,0.0961538461538461,0.0014071294559099765,4.577484007617372e-06,0.0021395055521352,1.0752996747336911,1.073048248106123,No,No,0.0008599124452783,-0.0014071294559099,False,medium,9.772656436313198e-07,0.640497300480551,0.0975609756097561,2.5247496586255597e-05
17,123,104,70,42,11,59,35,10,0.5691056910569106,0.3414634146341463,0.089430894308943,0.5673076923076923,0.3365384615384615,0.0961538461538461,0.00672295184490309,0.0001017882657114,0.0100890170835171,1.3036454748687856,1.3175538868497836,No,No,-0.0049249530956848,0.006722951844903,False,high,1.9520452078425343e-05,0.9262122127346664,0.089430894308943,0.0005821101974948205
18,123,104,87,25,11,75,20,9,0.7073170731707317,0.2032520325203252,0.089430894308943,0.7211538461538461,0.1923076923076923,0.0865384615384615,0.013836772983114441,0.0001747186162774,0.013218116971698,1.132057296491941,1.1030427114303314,No,No,-0.0109443402126328,-0.0028924327704815,False,medium,0.0001361548826639,0.7283846722688454,0.089430894308943,0.0009535391664038872
19,123,104,107,13,3,92,11,1,0.8699186991869918,0.1056910569105691,0.024390243902439,0.8846153846153846,0.1057692307692307,0.0096153846153846,0.014774859287054378,0.0024387064740075,0.0493832610710103,0.6482253071041149,0.5636950281194052,No,No,7.817385866165649e-05,-0.0147748592870544,False,low,1.16557505314141e-08,0.4867804823835752,0.024390243902439,0.009198503481808241
20,123,104,88,26,9,75,23,6,0.7154471544715447,0.2113821138211382,0.073170731707317,0.7211538461538461,0.2211538461538461,0.0576923076923076,0.01547842401500936,0.0007496684589547,0.027380074122521,1.09559791895931,1.058967585633118,No,No,0.0097717323327079,-0.0154784240150093,False,medium,0.0001016008704655,0.7441163072594044,0.073170731707317,0.0037715266427359694
21,123,104,102,15,6,87,12,5,0.8292682926829268,0.1219512195121951,0.048780487804878,0.8365384615384616,0.1153846153846153,0.048076923076923,0.007270168855534793,7.88246212826138e-05,0.0088783231120867,0.806737929570563,0.785389000622534,No,No,-0.0065666041275797,-0.0007035647279549,False,low,7.436049773157372e-05,0.5349436990971066,0.048780487804878,0.00042747128437174687
22,123,104,108,13,2,93,10,1,0.8780487804878049,0.1056910569105691,0.016260162601626,0.8942307692307693,0.0961538461538461,0.0096153846153846,0.016181988742964393,0.0008382730955467,0.0289529462325811,0.6040302242864855,0.5335065413918562,No,No,-0.0095372107567229,-0.0066447779862414,False,low,0.0001808372812609,0.4867804823835752,0.016260162601626,0.0038742461310878585
23,123,104,111,11,1,94,9,1,0.902439024390244,0.089430894308943,0.008130081300813,0.903846153846154,0.0865384615384615,0.0096153846153846,0.002892432770481513,6.243542339190444e-05,0.0079016089116017,0.5015884161532883,0.5017793616922582,No,No,-0.0028924327704815,0.0014853033145716,False,low,1.880268059045731e-05,0.4345673583842648,0.008130081300813,0.000367096520942669
24,123,104,91,21,11,77,16,11,0.7398373983739838,0.1707317073170731,0.089430894308943,0.7403846153846154,0.1538461538461538,0.1057692307692307,0.01688555347091933,0.0008108542585236,0.02847550277912,1.0685167334575685,1.0793213389245762,No,No,-0.0168855534709193,0.0163383364602876,False,medium,0.0003783532284694,0.6593758812786992,0.089430894308943,0.00465529293192016
25,123,104,84,28,11,71,23,10,0.6829268292682927,0.2276422764227642,0.089430894308943,0.6826923076923077,0.2211538461538461,0.0961538461538461,0.0067229518449031175,0.000121708247796,0.0110321461101638,1.1732921546397352,1.1822353775351562,No,No,-0.006488430268918,0.006722951844903,False,medium,4.362323492457243e-05,0.7738785654282402,0.089430894308943,0.0006904153538769013
26,123,104,28,87,8,21,78,5,0.2276422764227642,0.7073170731707317,0.065040650406504,0.2019230769230769,0.75,0.048076923076923,0.04268292682926831,0.0019276925366824,0.0439054955180152,1.0958314000022296,0.9878466467560332,Yes,Yes,0.0426829268292683,-0.0169637273295809,False,medium,0.0016630163172972,0.8721617883411699,0.065040650406504,0.009905902494388913
27,123,104,97,23,3,82,19,3,0.7886178861788617,0.1869918699186991,0.024390243902439,0.7884615384615384,0.1826923076923076,0.0288461538461538,0.0044559099437148034,0.0001527166419889,0.0123578574999432,0.8531782599439055,0.8659707312538378,No,No,-0.0042995622263914,0.0044559099437148,False,low,2.212577484161926e-05,0.6951360991052256,0.024390243902439,0.0009129526388516761
28,123,104,92,22,9,79,18,7,0.7479674796747967,0.1788617886178861,0.073170731707317,0.7596153846153846,0.173076923076923,0.0673076923076923,0.011647904940587837,0.0001550385860462,0.0124514491544664,1.0335346632234144,1.001316510579977,No,No,-0.0057848655409631,-0.0058630393996247,False,medium,4.162046772160366e-05,0.6775807218599569,0.073170731707317,0.0008382825716646684
29,123,104,98,20,5,82,17,5,0.7967479674796748,0.1626016260162601,0.040650406504065,0.7884615384615384,0.1634615384615384,0.048076923076923,0.008286429018136338,0.0002408992495478,0.015520929403481,0.875118024888228,0.9079803608874822,No,No,0.0008599124452783,0.007426516572858,False,low,9.772656436313198e-07,0.640497300480551,0.040650406504065,0.0014474965281970683
30,123,104,106,14,3,89,12,3,0.8617886178861789,0.1138211382113821,0.024390243902439,0.8557692307692307,0.1153846153846153,0.0288461538461538,0.006019387116948079,0.0001461302338721,0.0120884338883128,0.6724541427809549,0.6993367098062198,No,No,0.0015634771732332,0.0044559099437148,False,low,4.344472016137857e-06,0.5113351532295534,0.024390243902439,0.0008775807827875955
31,123,104,70,40,13,59,34,11,0.5691056910569106,0.3252032520325203,0.1056910569105691,0.5673076923076923,0.3269230769230769,0.1057692307692307,0.001797998749218238,2.6723277930518208e-06,0.0016347256017606,1.332492949912603,1.3340606381423377,No,No,0.0017198248905566,7.817385866165649e-05,False,high,2.4273503047567142e-06,0.9099503053612784,0.1056910569105691,1.4833539241823324e-05
32,123,104,106,11,6,91,9,4,0.8617886178861789,0.089430894308943,0.048780487804878,0.875,0.0865384615384615,0.0384615384615384,0.013211382113821106,0.0004946371569232,0.022240439674683,0.7089934403552047,0.6548758982270328,No,No,-0.0028924327704815,-0.0103189493433395,False,low,1.880268059045731e-05,0.4345673583842648,0.048780487804878,0.0024789366112842205
33,123,104,68,44,11,57,39,8,0.5528455284552846,0.3577235772357723,0.089430894308943,0.5480769230769231,0.375,0.0769230769230769,0.01727642276422761,0.0004938951499302,0.0222237519318916,1.3147404221679029,1.2907722436889963,No,No,0.0172764227642276,-0.0125078173858661,False,high,0.0002318841685328,0.9407773482170269,0.089430894308943,0.0026248496978134844
34,123,104,6,116,1,3,100,1,0.048780487804878,0.943089430894309,0.008130081300813,0.0288461538461538,0.9615384615384616,0.0096153846153846,0.0199343339587242,0.0019765155174824,0.0444580197206578,0.3487293798178959,0.2663963866061312,Yes,Yes,0.0184490306441525,0.0014853033145716,False,low,0.0013597885491911,0.31505694526443,0.008130081300813,0.008778501836359934
35,123,104,104,16,3,88,13,3,0.8455284552845529,0.1300813008130081,0.024390243902439,0.8461538461538461,0.125,0.0288461538461538,0.005081300813008069,0.0001712685880433,0.0130869625216623,0.7181192355112964,0.7264917731595554,No,No,-0.0050813008130081,0.0044559099437148,False,low,4.184712981858407e-05,0.5576611106650715,0.024390243902439,0.0010130113507054964
36,123,104,83,24,16,70,20,14,0.6747967479674797,0.1951219512195122,0.1300813008130081,0.6730769230769231,0.1923076923076923,0.1346153846153846,0.004534083802376493,3.617806372790966e-05,0.0060148203404515,1.2257065962408455,1.231292198980502,No,No,-0.0028142589118198,0.0045340838023764,False,high,9.144590168097544e-06,0.7120640548905479,0.1300813008130081,0.00020301249376203335
37,123,104,92,27,4,78,23,3,0.7479674796747967,0.2195121951219512,0.032520325203252,0.75,0.2211538461538461,0.0288461538461538,0.003674171357098195,8.25897755973859e-05,0.0090878917025559,0.9543058670005502,0.9402648569609948,No,No,0.0016416510318949,-0.0036741713570981,False,low,2.829165224316199e-06,0.7592757847892833,0.032520325203252,0.00043291116399394355
38,123,104,53,56,14,41,50,13,0.4308943089430894,0.4552845528455284,0.1138211382113821,0.3942307692307692,0.4807692307692308,0.125,0.03666353971232024,0.0010268458159268,0.0320444350227434,1.397029719681664,1.4123805064688626,Yes,Yes,0.0254846779237023,0.0111788617886178,False,high,0.0004704682858601,0.994223030575853,0.1138211382113821,0.005644029410357431
39,123,104,109,10,4,94,8,2,0.8861788617886179,0.08130081300813,0.032520325203252,0.903846153846154,0.0769230769230769,0.0192307692307692,0.017667292057535963,0.0013513636060333,0.0367608977860087,0.6095765187574627,0.5260997945093815,No,No,-0.0043777360850531,-0.0132895559724828,False,low,4.744450002996947e-05,0.4067461825604607,0.032520325203252,0.006018776125074644
40,123,104,55,58,10,45,51,8,0.4471544715447154,0.4715447154471545,0.08130081300813,0.4326923076923077,0.4903846153846153,0.0769230769230769,0.018839899937460797,0.0002625268544422,0.016202680470906,1.3249782215170522,1.311717777993192,Yes,Yes,0.0188398999374608,-0.0043777360850531,False,high,0.0002564233210757,0.99766242758112,0.08130081300813,0.001456190526979633
41,123,104,84,30,9,70,25,9,0.6829268292682927,0.2439024390243902,0.073170731707317,0.6730769230769231,0.2403846153846154,0.0865384615384615,0.01336772983114446,0.0004390474465298,0.0209534590588259,1.148281120016864,1.1843287475305482,No,No,-0.0035178236397748,0.0133677298311444,False,medium,1.2161183409853392e-05,0.8014698931335287,0.073170731707317,0.002634985207100604
42,123,104,54,57,12,46,48,10,0.4390243902439024,0.4634146341463415,0.0975609756097561,0.4423076923076923,0.4615384615384615,0.0961538461538461,0.0032833020637899404,9.470784794629594e-06,0.0030774640200381,1.3631794977549192,1.360234612736172,Yes,Yes,-0.0018761726078799,-0.0014071294559099,False,high,2.553543521077728e-06,0.9961344835095796,0.0975609756097561,5.244558635247147e-05
43,123,104,99,22,2,85,17,2,0.8048780487804879,0.1788617886178861,0.016260162601626,0.8173076923076923,0.1634615384615384,0.0192307692307692,0.015400250156347663,0.0003740995861097,0.019341654172014,0.7928088061693057,0.7746214693626267,No,No,-0.0154002501563477,0.0029706066291432,False,low,0.0003015687547694,0.6775807218599569,0.016260162601626,0.002060639680831977
44,123,104,47,64,12,39,56,9,0.3821138211382114,0.5203252032520326,0.0975609756097561,0.375,0.5384615384615384,0.0865384615384615,0.018136335209505937,0.0003743298616045,0.0193476060949299,1.3483256757660462,1.3170561875273006,Yes,Yes,0.0181363352095058,-0.0110225140712945,False,high,0.0002381065300939,0.99880767678356,0.0975609756097561,0.002009926192874235
45,123,104,32,80,11,26,69,9,0.2601626016260163,0.6504065040650406,0.089430894308943,0.25,0.6634615384615384,0.0865384615384615,0.013055034396497793,0.0001369559270221,0.0117028170549709,1.2204982826075386,1.1982383219647184,Yes,Yes,0.0130550343964978,-0.0028924327704815,False,high,0.0001363831935043,0.9337044887280268,0.089430894308943,0.0007525677447552431
46,123,104,68,47,8,57,39,8,0.5528455284552846,0.3821138211382114,0.065040650406504,0.5480769230769231,0.375,0.0769230769230769,0.01188242651657287,0.0003906912817024,0.0197659121141028,1.259480771730524,1.2907722436889963,No,No,-0.0071138211382114,0.0118824265165728,False,high,3.8793839303163935e-05,0.9595212772858948,0.065040650406504,0.0023443979993483144
47,123,104,80,36,7,68,30,6,0.6504065040650406,0.2926829268292683,0.056910569105691,0.6538461538461539,0.2884615384615384,0.0576923076923076,0.0042213883677298565,1.625479473066349e-05,0.0040317235434319,1.1577744069870817,1.1555938904718075,No,No,-0.0042213883677298,0.0007817385866166,False,medium,1.5589628729717475e-05,0.8721617883411699,0.056910569105691,8.981403212172554e-05
48,123,104,50,68,5,39,62,3,0.4065040650406504,0.5528455284552846,0.040650406504065,0.375,0.5961538461538461,0.0288461538461538,0.04330831769856159,0.0017737438721439,0.0421158387325232,1.1884500893376453,1.1230767827393864,Yes,Yes,0.0433083176985615,-0.0118042526579111,False,medium,0.0013841688238711,0.9919270464052614,0.040650406504065,0.00926198659937348
49,123,104,97,18,8,83,14,7,0.7886178861788617,0.1463414634146341,0.065040650406504,0.7980769230769231,0.1346153846153846,0.0673076923076923,0.011726078799249591,0.0002109109982886,0.0145227751579588,0.9323503125090528,0.91118273578528,No,No,-0.0117260787992495,0.0022670419011882,False,low,0.0002054152422841,0.600608575413187,0.065040650406504,0.0011320650709652513
50,123,104,83,37,3,70,31,3,0.6747967479674797,0.3008130081300813,0.024390243902439,0.6730769230769231,0.2980769230769231,0.0288461538461538,0.0044559099437148034,0.0001399749090582,0.0118310992328802,1.0349296693048549,1.0525090997727822,No,No,-0.0027360850531582,0.0044559099437148,False,medium,6.435549067207447e-06,0.8822824449111784,0.024390243902439,0.000843330141291209
51,123,104,91,23,9,76,21,7,0.7398373983739838,0.1869918699186991,0.073170731707317,0.7307692307692307,0.2019230769230769,0.0673076923076923,0.014931207004377771,0.0003152536169244,0.0177553827591639,1.0499896089134393,1.058779705117345,No,No,0.0149312070043777,-0.0058630393996247,False,medium,0.0002567133568855,0.6951360991052256,0.073170731707317,0.0017731925051194435
52,123,104,101,17,5,86,15,3,0.8211382113821138,0.1382113821138211,0.040650406504065,0.8269230769230769,0.1442307692307692,0.0288461538461538,0.01180425265791115,0.0007802637880764,0.0279332022524539,0.8158814278301029,0.7771991860192493,No,No,0.006019387116948,-0.0118042526579111,False,low,5.38811145809337e-05,0.5795353469249724,0.040650406504065,0.003730683936823899
53,123,104,106,12,5,89,10,5,0.8617886178861789,0.0975609756097561,0.040650406504065,0.8557692307692307,0.0961538461538461,0.048076923076923,0.0074265165728580815,0.0002357535470761,0.0153542680410421,0.7003294755279407,0.7276589798784016,No,No,-0.0014071294559099,0.007426516572858,False,low,4.081943001055244e-06,0.4612160405139094,0.040650406504065,0.001419106564697994
54,123,104,107,12,4,92,9,3,0.8699186991869918,0.0975609756097561,0.032520325203252,0.8846153846153846,0.0865384615384615,0.0288461538461538,0.01469668542839278,0.0003619585582176,0.0190252084934077,0.663193224415853,0.6095559443681166,No,No,-0.0110225140712945,-0.0036741713570981,False,low,0.0002622994923254,0.4612160405139094,0.032520325203252,0.001908733340706756
55,123,104,110,9,4,94,7,3,0.8943089430894309,0.073170731707317,0.032520325203252,0.903846153846154,0.0673076923076923,0.0288461538461538,0.009537210756722994,0.0001859167226614,0.0136351282598088,0.5808974850083996,0.5414231410808555,No,No,-0.0058630393996247,-0.0036741713570981,False,low,9.495037070567092e-05,0.3776463213737002,0.032520325203252,0.0009866135467096965
56,123,104,54,58,11,43,52,9,0.4390243902439024,0.4715447154471545,0.089430894308943,0.4134615384615384,0.5,0.0865384615384615,0.02845528455284551,0.000594293653372,0.0243781388414301,1.3442984838820309,1.332347652674671,Yes,Yes,0.0284552845528455,-0.0028924327704815,False,high,0.0005846299530307,0.99766242758112,0.089430894308943,0.003299113482303136
57,123,104,41,76,6,35,65,4,0.3333333333333333,0.6178861788617886,0.048780487804878,0.3365384615384615,0.625,0.0384615384615384,0.010318949343339573,0.0004614588130718,0.021481592424022,1.1700600483036232,1.1333357427572135,Yes,Yes,0.0071138211382113,-0.0103189493433395,False,medium,3.8793839303163935e-05,0.9595212772858948,0.048780487804878,0.0022955757552164504
58,123,104,110,11,2,93,9,2,0.8943089430894309,0.089430894308943,0.016260162601626,0.8942307692307693,0.0865384615384615,0.0192307692307692,0.0029706066291431497,0.0001069329523873,0.0103408390562562,0.5522436411707616,0.5593715023139023,No,No,-0.0028924327704815,0.0029706066291432,False,low,1.880268059045731e-05,0.4345673583842648,0.016260162601626,0.0006362627756858445
59,123,104,46,65,12,40,53,11,0.3739837398373983,0.5284552845528455,0.0975609756097561,0.3846153846153846,0.5096153846153846,0.1057692307692307,0.018839899937460908,0.0002966176743288,0.0172225919747542,1.3444876123788658,1.3686064903299928,Yes,Yes,-0.0188398999374609,0.0082082551594746,False,high,0.0002564233210757,0.99766242758112,0.0975609756097561,0.0016644949387504616
60,123,104,87,32,4,72,28,4,0.7073170731707317,0.2601626016260163,0.032520325203252,0.6923076923076923,0.2692307692307692,0.0384615384615384,0.015009380863039355,0.0002936481335371,0.0171361644931752,1.0194569107145297,1.0577422381270596,No,No,0.0090681676047529,0.0059412132582864,False,medium,7.619473249920183e-05,0.8269916414523996,0.032520325203252,0.001719993368700252
61,123,104,23,91,9,16,80,8,0.1869918699186991,0.7398373983739838,0.073170731707317,0.1538461538461538,0.7692307692307693,0.0769230769230769,0.03314571607254535,0.0014047588047754,0.0374801121233037,1.0499896089134393,0.9912642605354288,Yes,Yes,0.0293933708567855,0.0037523452157598,False,medium,0.0008416199782852,0.8269916414523995,0.073170731707317,0.007235539522650399
62,123,104,104,16,3,89,12,3,0.8455284552845529,0.1300813008130081,0.024390243902439,0.8557692307692307,0.1153846153846153,0.0288461538461538,0.014696685428392713,0.0004744653725642,0.0217822260699919,0.7181192355112964,0.6993367098062198,No,No,-0.0146966854283927,0.0044559099437148,False,low,0.0003619585582176,0.5576611106650715,0.024390243902439,0.002598536356395086
63,123,104,79,36,8,65,32,7,0.6422764227642277,0.2926829268292683,0.065040650406504,0.625,0.3076923076923077,0.0673076923076923,0.017276422764227715,0.000234308242371,0.0153071304420857,1.1854740243805864,1.2090417152444308,No,No,0.0150093808630394,0.0022670419011882,False,medium,0.0001934059700615,0.8721617883411699,0.065040650406504,0.0013134452319426867
64,123,104,63,47,13,49,43,12,0.5121951219512195,0.3821138211382114,0.1056910569105691,0.4711538461538461,0.4134615384615384,0.1153846153846153,0.0410412757973733,0.0012169415160001,0.0348846888476901,1.367392330175192,1.3978462871556183,No,No,0.031347717323327,0.0096935584740462,False,high,0.0007399163945125,0.9595212772858948,0.1056910569105691,0.006749310794539277
65,123,104,61,53,9,50,46,8,0.4959349593495935,0.4308943089430894,0.073170731707317,0.4807692307692308,0.4423076923076923,0.0769230769230769,0.015165728580362747,0.0001725818365583,0.0131370406316768,1.3011804671590248,1.313164146339565,No,No,0.0114133833646028,0.0037523452157598,False,high,9.550426659588052e-05,0.9861763323473928,0.073170731707317,0.0009585109426885391
66,123,104,94,23,6,78,20,6,0.7642276422764228,0.1869918699186991,0.048780487804878,0.75,0.1923076923076923,0.0576923076923076,0.014227642276422803,0.0003444376730968,0.0185590321163816,0.961351480531629,1.006115583782154,No,No,0.0053158223889931,0.0089118198874296,False,medium,3.315981092388842e-05,0.6951360991052256,0.048780487804878,0.0020441159566257317
67,123,104,31,81,11,25,69,10,0.2520325203252032,0.6585365853658537,0.089430894308943,0.2403846153846154,0.6634615384615384,0.0961538461538461,0.011647904940587823,0.0001938608797202,0.0139233932545298,1.2094926869599063,1.2119409372667134,Yes,Yes,0.0049249530956847,0.006722951844903,False,high,1.9520452078425343e-05,0.9262122127346664,0.089430894308943,0.0010805468311671782
68,123,104,50,69,4,42,59,3,0.4065040650406504,0.5609756097560976,0.032520325203252,0.4038461538461538,0.5673076923076923,0.0288461538461538,0.006332082551594738,9.535074733135752e-05,0.0097647707260005,1.1564901394333058,1.1397843414947455,Yes,Yes,0.0063320825515946,-0.0036741713570981,False,medium,2.940676844875867e-05,0.9892452969285004,0.032520325203252,0.0005039635322871138
69,123,104,81,34,8,71,27,6,0.6585365853658537,0.2764227642276423,0.065040650406504,0.6826923076923077,0.2596153846153846,0.0576923076923076,0.024155722326454063,0.0005058009291056,0.0224900184327554,1.166078840004556,1.1184802657605823,No,No,-0.0168073796122576,-0.0073483427141963,False,medium,0.0002597010860739,0.850530668278094,0.065040650406504,0.00273821724613581
70,123,104,55,49,19,46,43,15,0.4471544715447154,0.3983739837398374,0.1544715447154471,0.4423076923076923,0.4134615384615384,0.1442307692307692,0.015087554721700994,0.000237318765041,0.0154051538467187,1.464415404843877,1.450280166555125,No,No,0.015087554721701,-0.0102407754846779,False,high,0.0001702382855062,0.9699914856791793,0.1544715447154471,0.001302861395400427
71,123,104,107,14,2,90,12,2,0.8699186991869918,0.1138211382113821,0.016260162601626,0.8653846153846154,0.1153846153846153,0.0192307692307692,0.004534083802376404,9.790276696819422e-05,0.0098945827081385,0.6283686805121734,0.6496096346956634,No,No,0.0015634771732332,0.0029706066291432,False,low,4.344472016137857e-06,0.5113351532295534,0.016260162601626,0.0005878153119346429
72,123,104,30,83,10,24,71,9,0.2439024390243902,0.6747967479674797,0.08130081300813,0.2307692307692307,0.6826923076923077,0.0865384615384615,0.013133208255159519,0.0002065987284165,0.0143735426536588,1.1737805897382323,1.1696659631880058,Yes,Yes,0.007895559724828,0.0052376485303314,False,medium,5.155867272299552e-05,0.9099503053612784,0.08130081300813,0.0011369813573822015
73,123,104,51,68,4,40,60,4,0.4146341463414634,0.5528455284552846,0.032520325203252,0.3846153846153846,0.5769230769230769,0.0384615384615384,0.03001876172607876,0.0007713992118674,0.0277740744556397,1.1600660041557491,1.1687997226410385,Yes,Yes,0.0240775484677923,0.0059412132582864,False,medium,0.0004253930993846,0.9919270464052614,0.032520325203252,0.004307344239470923
74,123,104,83,29,11,71,24,9,0.6747967479674797,0.2357723577235772,0.089430894308943,0.6826923076923077,0.2307692307692307,0.0865384615384615,0.007895559724828007,5.306322729570212e-05,0.0072844510634434,1.1859009324489582,1.1696659631880058,No,No,-0.0050031269543464,-0.0028924327704815,False,medium,2.5238979229680325e-05,0.7879388881327561,0.089430894308943,0.0002920992832229268
75,123,104,25,93,5,19,80,5,0.2032520325203252,0.7560975609756098,0.040650406504065,0.1826923076923076,0.7692307692307693,0.048076923076923,0.02055972482801756,0.0006604550334095,0.0256993197071343,0.9600119471941028,0.9497232679405736,Yes,Yes,0.0131332082551595,0.007426516572858,False,low,0.0001718593243633,0.8014698931335287,0.040650406504065,0.003664582935674756
76,123,104,20,100,3,15,87,2,0.1626016260162601,0.8130081300813008,0.024390243902439,0.1442307692307692,0.8365384615384616,0.0192307692307692,0.02353033145716074,0.0007386330965792,0.0271778052200557,0.7995952502385637,0.7279450732087157,Yes,Yes,0.0235303314571607,-0.0051594746716697,False,low,0.0006913180098564,0.6951360991052256,0.024390243902439,0.0038480029585798844
77,123,104,99,18,6,83,15,6,0.8048780487804879,0.1463414634146341,0.048780487804878,0.7980769230769231,0.1442307692307692,0.0576923076923076,0.00891181988742962,0.000285287562001,0.0168904577202952,0.8703622255167203,0.9000415764079241,No,No,-0.0021106941838649,0.0089118198874296,False,low,6.469840675871197e-06,0.600608575413187,0.048780487804878,0.0017160323650708112
78,123,104,92,22,9,77,20,7,0.7479674796747967,0.1788617886178861,0.073170731707317,0.7403846153846154,0.1923076923076923,0.0673076923076923,0.01344590368980609,0.0002779353978552,0.0166713945983908,1.0335346632234144,1.0405107759713048,No,No,0.0134459036898061,-0.0058630393996247,False,medium,0.0002157519286684,0.6775807218599569,0.073170731707317,0.0015574630567314492
79,123,104,71,44,8,60,37,7,0.5772357723577236,0.3577235772357723,0.065040650406504,0.5769230769230769,0.3557692307692308,0.0673076923076923,0.002267041901188281,1.5968034747571025e-05,0.0039960023457914,1.2445711174947398,1.2502984227643088,No,No,-0.0019543464665415,0.0022670419011882,False,high,3.0015546140793603e-06,0.9407773482170269,0.065040650406504,8.986603523778857e-05
80,123,104,79,41,3,65,36,3,0.6422764227642277,0.3333333333333333,0.024390243902439,0.625,0.3461538461538461,0.0288461538461538,0.017276422764227632,0.0003068760436677,0.0175178778300268,1.0692364663352072,1.101150339285936,No,No,0.0128205128205128,0.0044559099437148,False,medium,0.0001321450143848,0.9182958340544896,0.024390243902439,0.0017718710208973025
81,123,104,67,41,15,54,38,12,0.5447154471544715,0.3333333333333333,0.1219512195121951,0.5192307692307693,0.3653846153846153,0.1153846153846153,0.03205128205128202,0.000816189747504,0.0285690347667554,1.375921278638915,1.381163558176309,No,No,0.032051282051282,-0.0065666041275797,False,high,0.0008152231923277,0.9182958340544896,0.1219512195121951,0.00462774882981541
82,123,104,68,38,17,56,32,16,0.5528455284552846,0.3089430894308943,0.1382113821138211,0.5384615384615384,0.3076923076923077,0.1538461538461538,0.015634771732332714,0.0003713173958976,0.019269597709804,1.39084306617554,1.419556298571613,No,No,-0.0012507817385866,0.0156347717323327,False,high,1.3229478390552885e-06,0.8919496672696391,0.1382113821138211,0.0021479473134629096
83,123,104,44,68,11,35,59,10,0.3577235772357723,0.5528455284552846,0.089430894308943,0.3365384615384615,0.5673076923076923,0.0961538461538461,0.021185115697310818,0.0003884013560895,0.0197079008544677,1.3147404221679029,1.3175538868497836,Yes,Yes,0.0144621638524077,0.006722951844903,False,high,0.0001530886101408,0.9919270464052614,0.089430894308943,0.0021383452520330384
84,123,104,90,19,14,77,14,13,0.7317073170731707,0.1544715447154471,0.1138211382113821,0.7403846153846154,0.1346153846153846,0.125,0.019856160100062553,0.0006995326102978,0.0264486788006106,1.1028366977465138,1.0855238635435147,No,No,-0.0198561601000625,0.0111788617886178,False,medium,0.0005754037122718,0.6209181358912585,0.1138211382113821,0.0037531884444839863
85,123,104,52,61,10,42,52,10,0.4227642276422764,0.4959349593495935,0.08130081300813,0.4038461538461538,0.5,0.0961538461538461,0.018918073796122613,0.0006110737323781,0.024719905589992,1.3212370753917075,1.3531370445938002,Yes,Yes,0.0040650406504065,0.014853033145716,False,high,1.1920176935964475e-05,0.9999523196862128,0.08130081300813,0.003593410724012643
86,123,104,56,55,12,50,44,10,0.4552845528455284,0.4471544715447154,0.0975609756097561,0.4807692307692308,0.4230769230769231,0.0961538461538461,0.025484677923702355,0.0004942696387586,0.0222321757540428,1.3636022298291914,1.3578716252790637,No,No,-0.0240775484677923,-0.0014071294559099,False,high,0.0004253930993846,0.9919270464052614,0.0975609756097561,0.002743290363482676
87,123,104,95,21,7,82,16,6,0.7723577235772358,0.1707317073170731,0.056910569105691,0.7884615384615384,0.1538461538461538,0.0576923076923076,0.01688555347091929,0.0003788239686378,0.0194634007469883,0.958559764492108,0.9232374163813826,No,No,-0.0168855534709193,0.0007817385866166,False,low,0.0003783532284694,0.6593758812786992,0.056910569105691,0.0020165057614450273
88,123,104,93,22,8,81,18,5,0.7560975609756098,0.1788617886178861,0.065040650406504,0.7788461538461539,0.173076923076923,0.048076923076923,0.0227485928705441,0.0010769153839065,0.0328163889528773,1.0055286106801549,0.9293229803136592,No,No,-0.0057848655409631,-0.0169637273295809,False,medium,4.162046772160366e-05,0.6775807218599569,0.065040650406504,0.0052959650848531225
89,123,104,85,28,10,71,23,10,0.6910569105691057,0.2276422764227642,0.08130081300813,0.6826923076923077,0.2211538461538461,0.0961538461538461,0.014853033145716087,0.0005011207382816,0.0223857262174288,1.148827933484027,1.1822353775351562,No,No,-0.006488430268918,0.014853033145716,False,medium,4.362323492457243e-05,0.7738785654282402,0.08130081300813,0.0029997187484461403
90,123,104,99,21,3,84,18,2,0.8048780487804879,0.1707317073170731,0.024390243902439,0.8076923076923077,0.173076923076923,0.0192307692307692,0.005159474671669773,0.0002281623468973,0.0151050437568838,0.818125409661201,0.7964655494932317,No,No,0.0023452157598498,-0.0051594746716697,False,low,6.96763951912871e-06,0.6593758812786992,0.024390243902439,0.0011334819027126752
91,123,104,102,16,5,88,13,3,0.8292682926829268,0.1300813008130081,0.040650406504065,0.8461538461538461,0.125,0.0288461538461538,0.016885553470919322,0.0008245580878671,0.0287151194994412,0.7945712097658305,0.7264917731595554,No,No,-0.0050813008130081,-0.0118042526579111,False,low,4.184712981858407e-05,0.5576611106650715,0.040650406504065,0.003970085167942922
92,123,104,66,48,9,54,43,7,0.5365853658536586,0.3902439024390244,0.073170731707317,0.5192307692307693,0.4134615384615384,0.0673076923076923,0.023217636022513984,0.000433116877839,0.0208114602524448,1.2877377823696932,1.2798166986851234,No,No,0.023217636022514,-0.0058630393996247,False,high,0.0004044758563522,0.9649567669505684,0.073170731707317,0.002412426315671485
93,123,104,84,35,4,69,31,4,0.6829268292682927,0.2845528455284553,0.032520325203252,0.6634615384615384,0.2980769230769231,0.0384615384615384,0.019465290806754246,0.0003943039914138,0.0198570891979117,1.0524367077255026,1.094014014874873,No,No,0.0135240775484677,0.0059412132582864,False,medium,0.0001597766951191,0.8615804562891913,0.032520325203252,0.0022829934488588282
94,123,104,56,56,11,48,48,8,0.4552845528455284,0.4552845528455284,0.089430894308943,0.4615384615384615,0.4615384615384615,0.0769230769230769,0.012507817385866177,0.000370284095944,0.0192427673670936,1.3451364640753218,1.3143204867061788,TIE:No|Yes,TIE:No|Yes,0.0062539086929331,-0.0125078173858661,False,high,2.8409632476966703e-05,0.994223030575853,0.089430894308943,0.0019211557673095973
95,123,104,34,81,8,28,69,7,0.2764227642276423,0.6585365853658537,0.065040650406504,0.2692307692307692,0.6634615384615384,0.0673076923076923,0.0071919949968730565,5.481491268000127e-05,0.007403709386517,1.166078840004556,1.1644242393938824,Yes,Yes,0.0049249530956847,0.0022670419011882,False,medium,1.9520452078425343e-05,0.9262122127346664,0.065040650406504,0.00030297344529528215
96,123,104,91,24,8,78,20,6,0.7398373983739838,0.1951219512195122,0.065040650406504,0.75,0.1923076923076923,0.0576923076923076,0.010162601626016274,0.0001911545525117,0.0138258653440473,1.0380558689539623,1.006115583782154,No,No,-0.0028142589118198,-0.0073483427141963,False,medium,9.144590168097544e-06,0.7120640548905479,0.065040650406504,0.0010104078613694077
97,123,104,52,59,12,42,51,11,0.4227642276422764,0.4796747967479675,0.0975609756097561,0.4038461538461538,0.4903846153846153,0.1057692307692307,0.01891807379612251,0.0003183651536335,0.0178427899621553,1.3610644625397337,1.375201525811626,Yes,Yes,0.0107098186366478,0.0082082551594746,False,high,8.281454288594503e-05,0.99880767678356,0.0975609756097561,0.0017762749955640444
98,123,104,90,23,10,76,19,9,0.7317073170731707,0.1869918699186991,0.08130081300813,0.7307692307692307,0.1826923076923076,0.0865384615384615,0.0052376485303314915,7.721400613824869e-05,0.0087871500577973,1.0764333296656168,1.0842624220822323,No,No,-0.0042995622263914,0.0052376485303314,False,medium,2.212577484161926e-05,0.6951360991052256,0.08130081300813,0.000437489280507681
99,123,104,21,95,7,16,82,6,0.1707317073170731,0.7723577235772358,0.056910569105691,0.1538461538461538,0.7884615384615384,0.0576923076923076,0.01688555347091929,0.0003788239686378,0.0194634007469883,0.958559764492108,0.9232374163813826,Yes,Yes,0.0161038148843026,0.0007817385866166,False,low,0.0002729504773657,0.7738785654282403,0.056910569105691,0.0020165057614450273
100,123,104,66,45,12,53,40,11,0.5365853658536586,0.3658536585365853,0.0975609756097561,0.5096153846153846,0.3846153846153846,0.1057692307692307,0.026969981238273932,0.000539523696964,0.0232276494067756,1.3402140889071492,1.3686064903299928,No,No,0.0187617260787992,0.0082082551594746,False,high,0.0002707975408533,0.9474351361840307,0.0975609756097561,0.003008309799175181
101,123,104,102,16,5,87,14,3,0.8292682926829268,0.1300813008130081,0.040650406504065,0.8365384615384616,0.1346153846153846,0.0288461538461538,0.011804252657911248,0.0007661251736019,0.0276789662668599,0.7945712097658305,0.7524210590083105,No,No,0.0045340838023764,-0.0118042526579111,False,low,3.2286295996719616e-05,0.5576611106650715,0.040650406504065,0.003649549686738611
102,123,104,26,89,8,21,76,7,0.2113821138211382,0.7235772357723578,0.065040650406504,0.2019230769230769,0.7307692307692307,0.0673076923076923,0.009459036898061275,0.0001049207783943,0.0102430844180013,1.0681103750329162,1.058779705117345,Yes,Yes,0.0071919949968729,0.0022670419011882,False,medium,4.7018424428446615e-05,0.850530668278094,0.065040650406504,0.0005737822228217262
103,123,104,88,27,8,76,23,5,0.7154471544715447,0.2195121951219512,0.065040650406504,0.7307692307692307,0.2211538461538461,0.048076923076923,0.01696372732958095,0.0009817703080063,0.031333214134627,1.0822547899043145,1.0226122519347405,No,No,0.0016416510318949,-0.0169637273295809,False,medium,2.829165224316199e-06,0.7592757847892833,0.065040650406504,0.004764849867013336
104,123,104,96,23,4,81,19,4,0.7804878048780488,0.1869918699186991,0.032520325203252,0.7788461538461539,0.1826923076923076,0.0384615384615384,0.005941213258286424,0.0001982260690167,0.0140792780005496,0.8921216186844245,0.909685170169143,No,No,-0.0042995622263914,0.0059412132582864,False,low,2.212577484161926e-05,0.6951360991052256,0.032520325203252,0.0011877281241960286
105,123,104,47,69,7,37,61,6,0.3821138211382114,0.5609756097560976,0.056910569105691,0.3557692307692308,0.5865384615384616,0.0576923076923076,0.026344590368980587,0.0005466426563116,0.0233803904225668,1.233527936225859,1.2193384957955715,Yes,Yes,0.0255628517823639,0.0007817385866166,False,high,0.0004819151448089,0.9892452969285004,0.056910569105691,0.002991911312198793
106,123,104,44,76,3,34,67,3,0.3577235772357723,0.6178861788617886,0.024390243902439,0.3269230769230769,0.6442307692307693,0.0288461538461538,0.0308005003126954,0.000832954831089,0.0288609568637117,1.0903814179903208,1.08354933482046,Yes,Yes,0.0263445903689806,0.0044559099437148,False,medium,0.0005376630558351,0.9595212772858948,0.024390243902439,0.00458927143200927
107,123,104,99,16,8,84,14,6,0.8048780487804879,0.1300813008130081,0.065040650406504,0.8076923076923077,0.1346153846153846,0.0576923076923076,0.00734834271419639,0.0001885634478,0.0137318406559371,0.8912437298280094,0.8757531082704262,No,No,0.0045340838023764,-0.0073483427141963,False,low,3.2286295996719616e-05,0.5576611106650715,0.065040650406504,0.0009981004572350827
108,123,104,87,29,7,71,27,6,0.7073170731707317,0.2357723577235772,0.056910569105691,0.6826923076923077,0.2596153846153846,0.0576923076923076,0.024624765478423977,0.0005733289507543,0.0239442884787656,1.0801647699575962,1.1184802657605823,No,No,0.0238430268918073,0.0007817385866166,False,medium,0.0005503363645018,0.7879388881327561,0.056910569105691,0.003279214154545718
109,123,104,21,97,5,16,84,4,0.1707317073170731,0.7886178861788617,0.040650406504065,0.1538461538461538,0.8076923076923077,0.0384615384615384,0.01907442151344593,0.0004210260837762,0.0205189201415731,0.8934100171689785,0.8451064151274781,Yes,Yes,0.0190744215134459,-0.0021888680425265,False,low,0.0004073928361376,0.7441163072594044,0.040650406504065,0.002249217871739681
110,123,104,92,23,8,81,17,6,0.7479674796747967,0.1869918699186991,0.065040650406504,0.7788461538461539,0.1634615384615384,0.0576923076923076,0.030878674171357118,0.0009542864928315,0.030891527848774,1.0221110504891873,0.9453965110330412,No,No,-0.0235303314571607,-0.0073483427141963,False,medium,0.0006913180098564,0.6951360991052256,0.065040650406504,0.0050659650758940085
111,123,104,89,30,4,75,26,3,0.7235772357723578,0.2439024390243902,0.032520325203252,0.7211538461538461,0.25,0.0288461538461538,0.00609756097560981,0.0001080071071329,0.0103926467818833,0.994977975060663,0.987673160823564,No,No,0.0060975609756097,-0.0036741713570981,False,medium,3.60554709299965e-05,0.8014698931335287,0.032520325203252,0.000575666096004261
112,123,104,102,16,5,86,14,4,0.8292682926829268,0.1300813008130081,0.040650406504065,0.8269230769230769,0.1346153846153846,0.0384615384615384,0.004534083802376517,5.105695086193851e-05,0.0071454146738967,0.7945712097658305,0.7969614699373723,No,No,0.0045340838023764,-0.0021888680425265,False,low,3.2286295996719616e-05,0.5576611106650715,0.040650406504065,0.0002825335015663116
113,123,104,106,14,3,90,11,3,0.8617886178861789,0.1138211382113821,0.024390243902439,0.8653846153846154,0.1057692307692307,0.0288461538461538,0.008051907442151363,0.0002438867339654,0.0156168733735492,0.6724541427809549,0.6708684299022031,No,No,-0.0080519074421513,0.0044559099437148,False,low,0.0001196453166603,0.5113351532295534,0.024390243902439,0.0013986716295315712
114,123,104,52,64,7,44,54,6,0.4227642276422764,0.5203252032520326,0.056910569105691,0.4230769230769231,0.5192307692307693,0.0576923076923076,0.0010944340212632915,2.3805583957425824e-06,0.0015429058285399,1.250853124869809,1.2534330706295986,Yes,Yes,-0.0010944340212633,0.0007817385866166,False,high,8.65374039205058e-07,0.99880767678356,0.056910569105691,1.3271445640157779e-05
115,123,104,72,42,9,57,39,8,0.5853658536585366,0.3414634146341463,0.073170731707317,0.5480769230769231,0.375,0.0769230769230769,0.037288930581613505,0.0010427702357556,0.0322919531115045,1.2576262380747256,1.2907722436889963,No,No,0.0335365853658536,0.0037523452157598,False,high,0.0008824691149025,0.9262122127346664,0.073170731707317,0.005861576324316709
116,123,104,55,53,15,42,49,13,0.4471544715447154,0.4308943089430894,0.1219512195121951,0.4038461538461538,0.4711538461538461,0.125,0.04330831769856159,0.0014571324320489,0.0381724040643096,1.4127752592430316,1.4148259637739065,No,Yes,0.0402595372107567,0.0030487804878048,True,high,0.0011808431105638,0.9861763323473928,0.1219512195121951,0.008032316014899461
117,123,104,103,17,3,86,15,3,0.8373983739837398,0.1382113821138211,0.024390243902439,0.8269230769230769,0.1442307692307692,0.0288461538461538,0.010475297060662922,0.0002047274843002,0.0143083012374015,0.7396583256376892,0.7771991860192493,No,No,0.006019387116948,0.0044559099437148,False,low,5.38811145809337e-05,0.5795353469249724,0.024390243902439,0.0012072560396594937
118,123,104,32,84,7,26,71,7,0.2601626016260163,0.6829268292682927,0.056910569105691,0.25,0.6826923076923077,0.0673076923076923,0.01039712320200131,0.0003872765880137,0.0196793441967394,1.116448261698434,1.137988154574707,Yes,Yes,-0.000234521575985,0.0103971232020012,False,medium,4.579631052159528e-08,0.9011701959974224,0.056910569105691,0.0022965315934066173
119,123,104,43,71,9,34,63,7,0.3495934959349593,0.5772357723577236,0.073170731707317,0.3269230769230769,0.6057692307692307,0.0673076923076923,0.028533458411507097,0.0006105812395771,0.0247099421200684,1.2637278797294558,1.2274218697044623,Yes,Yes,0.0285334584115071,-0.0058630393996247,False,high,0.0006077386268511,0.9827184823459942,0.073170731707317,0.003350368021624517
120,123,104,58,54,11,47,46,11,0.4715447154471545,0.4390243902439024,0.089430894308943,0.4519230769230769,0.4423076923076923,0.1057692307692307,0.019621638524077584,0.0006486019312816,0.0254676644253392,1.3442984838820309,1.3811774699441517,No,No,0.0032833020637898,0.0163383364602876,False,high,7.88726252642924e-06,0.9892452969285004,0.089430894308943,0.003825926965018491
121,123,104,95,25,3,80,22,2,0.7723577235772358,0.2032520325203252,0.024390243902439,0.7692307692307693,0.2115384615384615,0.0192307692307692,0.008286429018136296,0.0002826190161149,0.016811276457037,0.8857049521849989,0.8748460335160005,No,No,0.0082864290181363,-0.0051594746716697,False,low,7.533333934339748e-05,0.7283846722688454,0.024390243902439,0.0014419184054811599
122,123,104,100,16,7,84,13,7,0.8130081300813008,0.1300813008130081,0.056910569105691,0.8076923076923077,0.125,0.0673076923076923,0.01039712320200124,0.0003570404339705,0.0188955135937226,0.8609120384134212,0.8859025613751951,No,No,-0.0050813008130081,0.0103971232020012,False,low,4.184712981858407e-05,0.5576611106650715,0.056910569105691,0.0021327200443787167
123,123,104,27,83,13,21,71,12,0.2195121951219512,0.6747967479674797,0.1056910569105691,0.2019230769230769,0.6826923076923077,0.1153846153846153,0.017589118198874258,0.0004347604735497,0.0208509106167988,1.205799450899869,1.2014948972580126,Yes,Yes,0.007895559724828,0.0096935584740462,False,medium,5.155867272299552e-05,0.9099503053612784,0.1056910569105691,0.0023908218216516343
124,123,104,63,54,6,52,46,6,0.5121951219512195,0.4390243902439024,0.048780487804878,0.5,0.4423076923076923,0.0576923076923076,0.012195121951219513,0.0003267563572655,0.0180764033276958,1.2283491776835571,1.2579734650037238,No,No,0.0032833020637898,0.0089118198874296,False,high,7.88726252642924e-06,0.9892452969285004,0.048780487804878,0.0019430355968817362
125,123,104,107,10,6,93,7,4,0.8699186991869918,0.08130081300813,0.048780487804878,0.8942307692307693,0.0673076923076923,0.0384615384615384,0.02431207004377737,0.0010380199141595,0.0322183164389377,0.6818151273057174,0.5870430461463791,No,No,-0.0139931207004377,-0.0103189493433395,False,low,0.0005140766355598,0.4067461825604607,0.048780487804878,0.005270748078305578
126,123,104,75,39,9,64,33,7,0.6097560975609756,0.3170731707317073,0.073170731707317,0.6153846153846154,0.3173076923076923,0.0673076923076923,0.0058630393996247435,9.764068161355333e-05,0.009881329951659,1.2366493562676986,1.2185503874369363,No,No,0.0002345215759849,-0.0058630393996247,False,high,4.579631052159528e-08,0.9011701959974224,0.073170731707317,0.000521923835533293
127,123,104,48,64,11,41,54,9,0.3902439024390244,0.5203252032520326,0.089430894308943,0.3942307692307692,0.5192307692307693,0.0865384615384615,0.003986866791744807,2.4872012203136507e-05,0.0049871847973718,1.3316856611146402,1.3258927727646543,Yes,Yes,-0.0010944340212633,-0.0028924327704815,False,high,8.65374039205058e-07,0.99880767678356,0.089430894308943,0.00013658216783216405
128,123,104,94,21,8,78,19,7,0.7642276422764228,0.1707317073170731,0.065040650406504,0.75,0.1826923076923076,0.0673076923076923,0.014227642276422807,0.0002082415442778,0.0144305767132813,0.988286717241257,1.0213677923614122,No,No,0.0119606003752344,0.0022670419011882,False,medium,0.0001773542582346,0.6593758812786992,0.065040650406504,0.0011817950104314702
129,123,104,98,21,4,83,17,4,0.7967479674796748,0.1707317073170731,0.032520325203252,0.7980769230769231,0.1634615384615384,0.0384615384615384,0.0072701688555347095,0.0002370140152909,0.0153952595071005,0.8573093784966027,0.8676018229194524,No,No,-0.0072701688555347,0.0059412132582864,False,low,6.849202681846744e-05,0.6593758812786992,0.032520325203252,0.001397211991305387
130,123,104,61,51,11,53,42,9,0.4959349593495935,0.4146341463414634,0.089430894308943,0.5096153846153846,0.4038461538461538,0.0865384615384615,0.0136804252657911,0.0001355655896995,0.0116432637048001,1.3398932221124706,1.3294162483186085,No,No,-0.0107879924953095,-0.0028924327704815,False,high,8.68133499654089e-05,0.9788698505067784,0.089430894308943,0.0007516081944907674
131,123,104,94,25,4,79,22,3,0.7642276422764228,0.2032520325203252,0.032520325203252,0.7596153846153846,0.2115384615384615,0.0288461538461538,0.008286429018136372,0.0001441346514783,0.0120056091673156,0.9244026614200038,0.9229295045047928,No,No,0.0082864290181363,-0.0036741713570981,False,low,7.533333934339748e-05,0.7283846722688454,0.032520325203252,0.0007807778861891003
132,123,104,106,14,3,90,12,2,0.8617886178861789,0.1138211382113821,0.024390243902439,0.8653846153846154,0.1153846153846153,0.0192307692307692,0.005159474671669766,0.0002271679583756,0.015072092037127,0.6724541427809549,0.6496096346956634,No,No,0.0015634771732332,-0.0051594746716697,False,low,4.344472016137857e-06,0.5113351532295534,0.024390243902439,0.001127908738576375
133,123,104,95,18,10,82,15,7,0.7723577235772358,0.1463414634146341,0.08130081300813,0.7884615384615384,0.1442307692307692,0.0673076923076923,0.016103814884302646,0.0005413880947815,0.0232677479525103,0.987927401548384,0.9353040665332664,No,No,-0.0021106941838649,-0.0139931207004377,False,medium,6.469840675871197e-06,0.600608575413187,0.08130081300813,0.0027746418561195633
134,123,104,101,17,5,85,14,5,0.8211382113821138,0.1382113821138211,0.040650406504065,0.8173076923076923,0.1346153846153846,0.048076923076923,0.007426516572858033,0.00024478365276,0.0156455633570683,0.8158814278301029,0.8378354974204392,No,No,-0.0035959974984365,0.007426516572858,False,low,1.979572138899321e-05,0.5795353469249724,0.040650406504065,0.001468197420159687
135,123,104,51,69,3,42,60,2,0.4146341463414634,0.5609756097560976,0.024390243902439,0.4038461538461538,0.5769230769230769,0.0192307692307692,0.015947467166979326,0.0003525208474073,0.0187755385384103,1.1251424121652285,1.095720799937063,Yes,Yes,0.0159474671669792,-0.0051594746716697,False,medium,0.000187019243544,0.9892452969285004,0.024390243902439,0.0018254664870836416
136,123,104,115,8,0,98,6,0,0.934959349593496,0.065040650406504,0.0,0.9423076923076924,0.0576923076923076,0.0,0.00734834271419639,0.0001691531110771,0.013005887554378,0.3471376284400273,0.3182152976832331,No,No,-0.0073483427141963,0.0,False,low,0.0001691531110771,0.3471376284400273,0.0,0.000887975945459231
137,123,104,80,33,10,68,28,8,0.6504065040650406,0.2682926829268293,0.08130081300813,0.6538461538461539,0.2692307692307692,0.0769230769230769,0.004377736085053124,4.755375063636436e-05,0.0068959227545241,1.207241867301097,1.195118458308054,No,No,0.0009380863039399,-0.0043777360850531,False,medium,8.075026856069201e-07,0.8390040613676977,0.08130081300813,0.0002571947283485681
138,123,104,96,19,8,80,16,8,0.7804878048780488,0.1544715447154471,0.065040650406504,0.7692307692307693,0.1538461538461538,0.0769230769230769,0.01188242651657287,0.0003890834469406,0.0197251982737985,0.9517257018867268,0.9912642605354288,No,No,-0.0006253908692933,0.0118824265165728,False,low,5.409169716585893e-07,0.6209181358912585,0.065040650406504,0.002335720959202756
139,123,104,94,24,5,80,19,5,0.7642276422764228,0.1951219512195122,0.040650406504065,0.7692307692307693,0.1826923076923076,0.048076923076923,0.012429643527204534,0.0003778592894991,0.0194386030747886,0.944302370790927,0.9497232679405736,No,No,-0.0124296435272045,0.007426516572858,False,low,0.0001818642493799,0.7120640548905479,0.040650406504065,0.0021813133419362985
140,123,104,115,6,2,100,4,0,0.934959349593496,0.048780487804878,0.016260162601626,0.9615384615384616,0.0384615384615384,0.0,0.02657911194496557,0.0087056794624976,0.0933042306784514,0.3999036853154181,0.2351933818192414,No,No,-0.0103189493433395,-0.016260162601626,False,low,0.0004613204032864,0.2811937964320427,0.016260162601626,0.019198610753794688
141,123,104,94,25,4,80,21,3,0.7642276422764228,0.2032520325203252,0.032520325203252,0.7692307692307693,0.2019230769230769,0.0288461538461538,0.00500312695434648,8.684887733700908e-05,0.0093192745070101,0.9244026614200038,0.9047877857227612,No,No,-0.0013289555972482,-0.0036741713570981,False,low,1.971561607527761e-06,0.7283846722688454,0.032520325203252,0.00045655372655168487
142,123,104,39,69,15,31,59,14,0.3170731707317073,0.5609756097560976,0.1219512195121951,0.2980769230769231,0.5673076923076923,0.1346153846153846,0.018996247654784214,0.0004499787412151,0.0212127023553131,1.3634719607258323,1.3739109254185131,Yes,Yes,0.0063320825515946,0.0126641651031894,False,high,2.940676844875867e-05,0.9892452969285004,0.1219512195121951,0.002524687815400449
143,123,104,42,73,8,31,66,7,0.3414634146341463,0.5934959349593496,0.065040650406504,0.2980769230769231,0.6346153846153846,0.0673076923076923,0.04338649155722326,0.0015730621389402,0.0396618473969665,1.2324777203396529,1.198886045505955,Yes,Yes,0.0411194496560349,0.0022670419011882,False,high,0.0012870763241648,0.9746283078841383,0.065040650406504,0.008440623769670785
144,123,104,101,20,2,84,18,2,0.8211382113821138,0.1626016260162601,0.016260162601626,0.8076923076923077,0.173076923076923,0.0192307692307692,0.013445903689806112,0.0002477386385679,0.0157397153267768,0.7561899390329105,0.7964655494932317,No,No,0.0104752970606629,0.0029706066291432,False,low,0.0001417018748425,0.640497300480551,0.016260162601626,0.001437730681352151
145,123,104,77,36,10,68,28,8,0.6260162601626016,0.2926829268292683,0.08130081300813,0.6538461538461539,0.2692307692307692,0.0769230769230769,0.02782989368355221,0.0006151005063848,0.0248012198567893,1.236179996117254,1.195118458308054,No,No,-0.023452157598499,-0.0043777360850531,False,high,0.0004910793865706,0.8721617883411699,0.08130081300813,0.0033520966213273877
146,123,104,83,27,13,72,23,9,0.6747967479674797,0.2195121951219512,0.1056910569105691,0.6923076923076923,0.2211538461538461,0.0865384615384615,0.019152595372107555,0.0007725037705925,0.0277939520506273,1.205799450899869,1.1542296209666825,No,No,0.0016416510318949,-0.0191525953721075,False,medium,2.829165224316199e-06,0.7592757847892833,0.1056910569105691,0.003937385104063664
147,123,104,42,72,9,35,61,8,0.3414634146341463,0.5853658536585366,0.073170731707317,0.3365384615384615,0.5865384615384616,0.0769230769230769,0.004924953095684859,4.7164048489367616e-05,0.0068676086441619,1.2576262380747256,1.264863918290997,Yes,Yes,0.001172607879925,0.0037523452157598,False,high,1.0220628434698398e-06,0.9788698505067784,0.073170731707317,0.00026580991124260914
148,123,104,11,112,0,7,97,0,0.089430894308943,0.9105691056910568,0.0,0.0673076923076923,0.9326923076923076,0.0,0.022123202001250765,0.0012257901885322,0.0350112865877883,0.4345673583842648,0.3557951975011439,Yes,Yes,0.0221232020012508,0.0,False,low,0.0012257901885323,0.4345673583842649,0.0,0.0060102907909397926
149,123,104,98,22,3,82,19,3,0.7967479674796748,0.1788617886178861,0.024390243902439,0.7884615384615384,0.1826923076923076,0.0288461538461538,0.008286429018136332,0.0001649354127207,0.0128427182761586,0.8359783440752202,0.8659707312538378,No,No,0.0038305190744215,0.0044559099437148,False,low,1.7867390788794957e-05,0.6775807218599569,0.024390243902439,0.0009822766519195015
150,123,104,72,43,8,59,37,8,0.5853658536585366,0.3495934959349593,0.065040650406504,0.5673076923076923,0.3557692307692308,0.0769230769230769,0.018058161350844315,0.0004806761464881,0.0219243277317268,1.2387422731763398,1.2790386177505175,No,No,0.0061757348342714,0.0118824265165728,False,high,3.012765878585011e-05,0.9337044887280268,0.065040650406504,0.002837007906747414
151,123,104,96,20,7,80,18,6,0.7804878048780488,0.1626016260162601,0.056910569105691,0.7692307692307693,0.173076923076923,0.0576923076923076,0.01125703564727951,0.000149337747975,0.0122203824807203,0.940510875897114,0.9665678660134234,No,No,0.0104752970606629,0.0007817385866166,False,low,0.0001417018748425,0.640497300480551,0.056910569105691,0.0008479501267962758
152,123,104,27,88,8,20,77,7,0.2195121951219512,0.7154471544715447,0.065040650406504,0.1923076923076923,0.7403846153846154,0.0673076923076923,0.02720450281425895,0.0008167226922426,0.0285783605590426,1.0822547899043145,1.0405107759713048,Yes,Yes,0.0249374609130706,0.0022670419011882,False,medium,0.0005663972541534,0.8615804562891913,0.065040650406504,0.004319732084155165
153,123,104,97,23,3,84,17,3,0.7886178861788617,0.1869918699186991,0.024390243902439,0.8076923076923077,0.1634615384615384,0.0288461538461538,0.02353033145716072,0.0007871346766783,0.0280559205280872,0.8531782599439055,0.8235510708638315,No,No,-0.0235303314571607,0.0044559099437148,False,low,0.0006913180098564,0.6951360991052256,0.024390243902439,0.004236382045358689
154,123,104,72,36,15,61,29,14,0.5853658536585366,0.2926829268292683,0.1219512195121951,0.5865384615384616,0.2788461538461538,0.1346153846153846,0.013836772983114497,0.0003468075674275,0.0186227701330267,1.341252236315683,1.3546763012291487,No,No,-0.0138367729831144,0.0126641651031894,False,high,0.0001691751952337,0.8721617883411699,0.1219512195121951,0.0019716161242603605
155,123,104,72,45,6,61,37,6,0.5853658536585366,0.3658536585365853,0.048780487804878,0.5865384615384616,0.3557692307692308,0.0576923076923076,0.010084427767354565,0.0003206032354707,0.017905396825281,1.195540810680632,1.2193384957955715,No,No,-0.0100844277673545,0.0089118198874296,False,medium,7.952220931517484e-05,0.9474351361840307,0.048780487804878,0.0019084381163707892
156,123,104,94,21,8,80,17,7,0.7642276422764228,0.1707317073170731,0.065040650406504,0.7692307692307693,0.1634615384615384,0.0673076923076923,0.007270168855534727,7.694211802888873e-05,0.008771665635949,0.988286717241257,0.9803185609617844,No,No,-0.0072701688555347,0.0022670419011882,False,medium,6.849202681846744e-05,0.6593758812786992,0.065040650406504,0.0004213545507275077
157,123,104,88,22,13,74,19,11,0.7154471544715447,0.1788617886178861,0.1056910569105691,0.7115384615384616,0.1826923076923076,0.1057692307692307,0.00390869293308313,1.850936989433727e-05,0.0043022517237299,1.132407233908859,1.1402097218239704,No,No,0.0038305190744215,7.817385866165649e-05,False,medium,1.7867390788794957e-05,0.6775807218599569,0.1056910569105691,0.00010344684900897841
158,123,104,81,30,12,69,24,11,0.6585365853658537,0.2439024390243902,0.0975609756097561,0.6634615384615384,0.2307692307692307,0.1057692307692307,0.013133208255159429,0.0002572372172671,0.0160386164386805,1.220936309318394,1.223698993717903,No,No,-0.0131332082551594,0.0082082551594746,False,high,0.0001718593243632,0.8014698931335287,0.0975609756097561,0.001434603057199202
159,123,104,86,26,11,74,20,10,0.6991869918699187,0.2113821138211382,0.089430894308943,0.7115384615384616,0.1923076923076923,0.0961538461538461,0.019074421513445926,0.000452049270541,0.0212614503395487,1.1463848355745316,1.1316186421491388,No,No,-0.0190744215134459,0.006722951844903,False,medium,0.0004073928361376,0.7441163072594044,0.089430894308943,0.0024448038888316937
160,123,104,97,26,0,82,22,0,0.7886178861788617,0.2113821138211382,0.0,0.7884615384615384,0.2115384615384615,0.0,0.00015634771732331298,2.6437188216377198e-08,0.0001625951666451,0.7441163072594044,0.7444131797881748,No,No,0.0001563477173233,0.0,False,low,2.6437188216377198e-08,0.7441163072594044,0.0,1.4663857462610387e-07
161,123,104,61,53,9,48,49,7,0.4959349593495935,0.4308943089430894,0.073170731707317,0.4615384615384615,0.4711538461538461,0.0673076923076923,0.04025953721075668,0.0011823377964255,0.0343851391799642,1.3011804671590248,1.28841599842317,No,Yes,0.0402595372107567,-0.0058630393996247,True,high,0.0011808431105638,0.9861763323473928,0.073170731707317,0.006616977990166729
162,123,104,66,53,4,59,42,3,0.5365853658536586,0.4308943089430894,0.032520325203252,0.5673076923076923,0.4038461538461538,0.0288461538461538,0.030722326454033756,0.0007039813328524,0.0265326465482136,1.1660120990830811,1.1397843414947455,No,No,-0.0270481550969355,-0.0036741713570981,False,medium,0.0005426331000746,0.9861763323473928,0.032520325203252,0.003871995430186648
163,123,104,109,11,3,94,8,2,0.8861788617886179,0.089430894308943,0.024390243902439,0.903846153846154,0.0769230769230769,0.0192307692307692,0.017667292057535963,0.0006230254651506,0.0249604780633443,0.5966549386086812,0.5260997945093815,No,No,-0.0125078173858661,-0.0051594746716697,False,low,0.0003702840959443,0.4345673583842648,0.024390243902439,0.0031929961358331035
164,123,104,79,34,10,65,31,8,0.6422764227642277,0.2764227642276423,0.08130081300813,0.625,0.2980769230769231,0.0769230769230769,0.02165415884928079,0.000423090813669,0.0205691714385653,1.2173787601573187,1.2289590117099127,No,No,0.0216541588492807,-0.0043777360850531,False,high,0.0004130933408528,0.850530668278094,0.08130081300813,0.0023967622495781275
165,123,104,23,97,3,17,84,3,0.1869918699186991,0.7886178861788617,0.024390243902439,0.1634615384615384,0.8076923076923077,0.0288461538461538,0.02353033145716072,0.0007871346766783,0.0280559205280872,0.8531782599439055,0.8235510708638315,Yes,Yes,0.0190744215134459,0.0044559099437148,False,low,0.0004073928361376,0.7441163072594044,0.024390243902439,0.004236382045358689
166,123,104,67,41,15,57,35,12,0.5447154471544715,0.3333333333333333,0.1219512195121951,0.5480769230769231,0.3365384615384615,0.1153846153846153,0.0065666041275798115,7.479780351515863e-05,0.0086485723397077,1.375921278638915,1.363716771899573,No,No,0.0032051282051282,-0.0065666041275797,False,high,8.316707035715964e-06,0.9182958340544896,0.1219512195121951,0.00040514881215226534
167,123,104,38,72,13,29,63,12,0.3089430894308943,0.5853658536585366,0.1056910569105691,0.2788461538461538,0.6057692307692307,0.1153846153846153,0.03009693558474045,0.0008354762374422,0.0289046058171062,1.3184367659039802,1.3113086215271672,Yes,Yes,0.0204033771106941,0.0096935584740462,False,high,0.0003117077975862,0.9788698505067784,0.1056910569105691,0.004532243804350427
168,123,104,26,91,6,22,76,6,0.2113821138211382,0.7398373983739838,0.048780487804878,0.2115384615384615,0.7307692307692307,0.0576923076923076,0.009068167604752975,0.0002895386683576,0.0170158358113164,1.0081200343304864,1.0421727793328233,Yes,Yes,-0.009068167604753,0.0089118198874296,False,medium,7.619473249920183e-05,0.8269916414523995,0.048780487804878,0.0017393848754795362
169,123,104,76,33,14,62,29,13,0.6178861788617886,0.2682926829268293,0.1138211382113821,0.5961538461538461,0.2788461538461538,0.125,0.02173233270794246,0.0004025399684626,0.0200633987266022,1.295274945425842,1.3336384062322455,No,No,0.0105534709193245,0.0111788617886178,False,high,0.0001010727613645,0.8390040613676977,0.1138211382113821,0.002277422729092771
170,123,104,92,17,14,79,13,12,0.7479674796747967,0.1382113821138211,0.1138211382113821,0.7596153846153846,0.125,0.1153846153846153,0.013211382113821092,0.0002755758036603,0.0166004760070406,1.0648109511334884,1.035786396501869,No,No,-0.0132113821138211,0.0015634771732332,False,medium,0.0002755170374536,0.5795353469249724,0.1138211382113821,0.0014657188608656673
171,123,104,25,93,5,20,81,3,0.2032520325203252,0.7560975609756098,0.040650406504065,0.1923076923076923,0.7788461538461539,0.0288461538461538,0.0227485928705441,0.0009575002298523,0.0309435006075961,0.9600119471941028,0.885811837049118,Yes,Yes,0.022748592870544,-0.0118042526579111,False,low,0.0005231092152528,0.8014698931335287,0.040650406504065,0.004701517465165116
172,123,104,101,18,4,88,13,3,0.8211382113821138,0.1463414634146341,0.032520325203252,0.8461538461538461,0.125,0.0288461538461538,0.025015634771732305,0.0008207972697674,0.0286495596784221,0.7999290599417367,0.7264917731595554,No,No,-0.0213414634146341,-0.0036741713570981,False,low,0.0007010626924036,0.600608575413187,0.032520325203252,0.004289498384009991
173,123,104,84,34,5,71,29,4,0.6829268292682927,0.2764227642276423,0.040650406504065,0.6826923076923077,0.2788461538461538,0.0384615384615384,0.00242338961851157,2.5674969966527076e-05,0.0050670474604573,1.0763515737102625,1.0705022725302074,No,No,0.0024233896185115,-0.0021888680425265,False,medium,5.280824100228898e-06,0.850530668278094,0.040650406504065,0.00013918844164885003
174,123,104,104,13,6,88,11,5,0.8455284552845529,0.1056910569105691,0.048780487804878,0.8461538461538461,0.1057692307692307,0.048076923076923,0.0007035647279549258,1.9371003148194177e-06,0.0013917975121473,0.7599029441454617,0.7572342304533111,No,No,7.817385866165649e-05,-0.0007035647279549,False,low,1.16557505314141e-08,0.4867804823835752,0.048780487804878,1.0667956304051584e-05
175,123,104,64,52,7,53,45,6,0.5203252032520326,0.4227642276422764,0.056910569105691,0.5096153846153846,0.4326923076923077,0.0576923076923076,0.010709818636647956,8.364897448620567e-05,0.0091459813298631,1.250853124869809,1.2559882909198243,No,No,0.0099280800500312,0.0007817385866166,False,high,7.261941638769809e-05,0.9827184823459942,0.056910569105691,0.0004643259731208191
176,123,104,102,17,4,87,15,2,0.8292682926829268,0.1382113821138211,0.032520325203252,0.8365384615384616,0.1442307692307692,0.0192307692307692,0.013289555972482827,0.0013024955826898,0.0360901036669306,0.7793091949136438,0.7279450732087157,No,No,0.006019387116948,-0.0132895559724828,False,low,5.38811145809337e-05,0.5795353469249724,0.032520325203252,0.0057567220675252394
177,123,104,48,64,11,39,55,10,0.3902439024390244,0.5203252032520326,0.089430894308943,0.375,0.5288461538461539,0.0961538461538461,0.015243902439024397,0.0002223501303841,0.0149114094030103,1.3316856611146402,1.3415478745991922,Yes,Yes,0.0085209505941212,0.006722951844903,False,high,5.250217260766021e-05,0.99880767678356,0.089430894308943,0.0012404024761296466
178,123,104,79,32,12,64,30,10,0.6422764227642277,0.2601626016260163,0.0975609756097561,0.6153846153846154,0.2884615384615384,0.0961538461538461,0.028298936835522183,0.0007378051558419,0.0271625690213938,1.2431793092852157,1.273266652591773,No,No,0.0282989368355221,-0.0014071294559099,False,high,0.0007257338913104,0.8269916414523996,0.0975609756097561,0.004224431924574917
179,123,104,90,24,9,75,21,8,0.7317073170731707,0.1951219512195122,0.073170731707317,0.7211538461538461,0.2019230769230769,0.0769230769230769,0.010553470919324584,0.0001035073373103,0.0101738555774273,1.065805532168839,1.090823682895467,No,No,0.0068011257035647,0.0037523452157598,False,medium,5.242788573789348e-05,0.7120640548905479,0.073170731707317,0.0005816999506903383
180,123,104,108,11,4,93,8,3,0.8780487804878049,0.089430894308943,0.032520325203252,0.8942307692307693,0.0769230769230769,0.0288461538461538,0.016181988742964344,0.0004721914840818,0.0217299674201744,0.6369730578704198,0.5764334014563769,No,No,-0.0125078173858661,-0.0036741713570981,False,low,0.0003702840959443,0.4345673583842648,0.032520325203252,0.0024626815492199976
181,123,104,88,24,11,74,20,10,0.7154471544715447,0.1951219512195122,0.089430894308943,0.7115384615384616,0.1923076923076923,0.0961538461538461,0.00672295184490309,9.909389584072947e-05,0.0099545916963343,1.1171256414172874,1.1316186421491388,No,No,-0.0028142589118198,0.006722951844903,False,medium,9.144590168097544e-06,0.7120640548905479,0.089430894308943,0.0005673413125336282
182,123,104,63,48,12,53,41,10,0.5121951219512195,0.3902439024390244,0.0975609756097561,0.5096153846153846,0.3942307692307692,0.0961538461538461,0.003986866791744877,1.334368830052668e-05,0.0036529013537908,1.3517308856338406,1.3498753216981634,No,No,0.0039868667917448,-0.0014071294559099,False,high,1.2024485328665511e-05,0.9649567669505684,0.0975609756097561,7.40195301493393e-05
183,123,104,68,47,8,56,41,7,0.5528455284552846,0.3821138211382114,0.065040650406504,0.5384615384615384,0.3942307692307692,0.0673076923076923,0.01438398999374612,0.0001506007892608,0.0122719513224621,1.259480771730524,1.2723340231509912,No,No,0.0121169480925578,0.0022670419011882,False,high,0.000111488716683,0.9595212772858948,0.065040650406504,0.0008374957648614058
184,123,104,90,21,12,77,17,10,0.7317073170731707,0.1707317073170731,0.0975609756097561,0.7403846153846154,0.1634615384615384,0.0961538461538461,0.008677298311444696,7.918262236761286e-05,0.0088984617978397,1.092717801626406,1.073048248106123,No,No,-0.0072701688555347,-0.0014071294559099,False,medium,6.849202681846744e-05,0.6593758812786992,0.0975609756097561,0.00043278036066497744
185,123,104,61,48,14,49,43,12,0.4959349593495935,0.3902439024390244,0.1138211382113821,0.4711538461538461,0.4134615384615384,0.1153846153846153,0.02478111319574728,0.0004748438624699,0.021790912382688,1.3883994928615322,1.3978462871556183,No,No,0.023217636022514,0.0015634771732332,False,high,0.0004044758563522,0.9649567669505684,0.1138211382113821,0.0026410884689868678
186,123,104,84,34,5,72,29,3,0.6829268292682927,0.2764227642276423,0.040650406504065,0.6923076923076923,0.2788461538461538,0.0288461538461538,0.011804252657911136,0.0007535618801435,0.0274510815842204,1.0763515737102625,1.028603790595808,No,No,0.0024233896185115,-0.0118042526579111,False,medium,5.280824100228898e-06,0.850530668278094,0.040650406504065,0.0035778771567798757
187,123,104,96,20,7,81,16,7,0.7804878048780488,0.1626016260162601,0.056910569105691,0.7788461538461539,0.1538461538461538,0.0673076923076923,0.010397123202001281,0.0004022479995576,0.020056121249077,0.940510875897114,0.9583307307559208,No,No,-0.0087554721701063,0.0103971232020012,False,low,0.0001038058924524,0.640497300480551,0.056910569105691,0.002374375924556234
188,123,104,90,26,7,77,22,5,0.7317073170731707,0.2113821138211382,0.056910569105691,0.7403846153846154,0.2115384615384615,0.048076923076923,0.008833646028768006,0.0002868615400029,0.0169369873355004,1.0390210435852372,1.0056349131606617,No,No,0.0001563477173233,-0.0088336460287679,False,medium,2.6437188216377198e-08,0.7441163072594044,0.056910569105691,0.0014741760951080553
189,123,104,103,14,6,88,11,5,0.8373983739837398,0.1138211382113821,0.048780487804878,0.8461538461538461,0.1057692307692307,0.048076923076923,0.00875547217010635,0.0001247775785242,0.0111703884679203,0.7837966336887936,0.7572342304533111,No,No,-0.0080519074421513,-0.0007035647279549,False,low,0.0001196453166603,0.5113351532295534,0.048780487804878,0.0006712970561925085
190,123,104,110,11,2,93,9,2,0.8943089430894309,0.089430894308943,0.016260162601626,0.8942307692307693,0.0865384615384615,0.0192307692307692,0.0029706066291431497,0.0001069329523873,0.0103408390562562,0.5522436411707616,0.5593715023139023,No,No,-0.0028924327704815,0.0029706066291432,False,low,1.880268059045731e-05,0.4345673583842648,0.016260162601626,0.0006362627756858445
191,123,104,107,14,2,90,12,2,0.8699186991869918,0.1138211382113821,0.016260162601626,0.8653846153846154,0.1153846153846153,0.0192307692307692,0.004534083802376404,9.790276696819422e-05,0.0098945827081385,0.6283686805121734,0.6496096346956634,No,No,0.0015634771732332,0.0029706066291432,False,low,4.344472016137857e-06,0.5113351532295534,0.016260162601626,0.0005878153119346429
192,123,104,68,41,14,57,34,13,0.5528455284552846,0.3333333333333333,0.1138211382113821,0.5480769230769231,0.3269230769230769,0.125,0.011178861788617864,0.0002186940665451,0.014788308440967,1.3578797549069557,1.3778033359705537,No,No,-0.0064102564102563,0.0111788617886178,False,high,3.350936129342674e-05,0.9182958340544896,0.1138211382113821,0.001262330005966886
193,123,104,99,19,5,84,15,5,0.8048780487804879,0.1544715447154471,0.040650406504065,0.8076923076923077,0.1442307692307692,0.048076923076923,0.010240775484677889,0.0003528860201598,0.0187852607157796,0.8561196385282943,0.8622891131220494,No,No,-0.0102407754846779,0.007426516572858,False,low,0.0001488895189412,0.6209181358912585,0.040650406504065,0.0020455253248775405
194,123,104,94,24,5,81,20,3,0.7642276422764228,0.1951219512195122,0.040650406504065,0.7788461538461539,0.1923076923076923,0.0288461538461538,0.014618511569731076,0.0007839914272136,0.0279998469141107,0.944302370790927,0.885811837049118,No,No,-0.0028142589118198,-0.0118042526579111,False,low,9.144590168097544e-06,0.7120640548905479,0.040650406504065,0.0037479935163036693
195,123,104,41,72,10,34,62,8,0.3333333333333333,0.5853658536585366,0.08130081300813,0.3269230769230769,0.5961538461538461,0.0769230769230769,0.01078799249530954,0.0001016657675922,0.0100829443910147,1.274924966785894,1.2568444503863057,Yes,Yes,0.0107879924953095,-0.0043777360850531,False,high,8.68133499654089e-05,0.9788698505067784,0.08130081300813,0.0005578155818540371
196,123,104,59,53,11,47,47,10,0.4796747967479675,0.4308943089430894,0.089430894308943,0.4519230769230769,0.4519230769230769,0.0961538461538461,0.0277517198248906,0.0005667556130366,0.0238066296026264,1.3432505068903908,1.3605297853855969,No,TIE:No|Yes,0.0210287679799874,0.006722951844903,True,high,0.0003234531780552,0.9861763323473928,0.089430894308943,0.00313723907393191
197,123,104,70,43,10,58,37,9,0.5691056910569106,0.3495934959349593,0.08130081300813,0.5576923076923077,0.3557692307692308,0.0865384615384615,0.01141338336460291,0.000120160156622,0.0109617588288597,1.2872423379635367,1.3058051291156003,No,No,0.0061757348342714,0.0052376485303314,False,high,3.012765878585011e-05,0.9337044887280268,0.08130081300813,0.0006754174939550674
198,123,104,113,6,4,98,4,2,0.91869918699187,0.048780487804878,0.032520325203252,0.9423076923076924,0.0384615384615384,0.0192307692307692,0.023608505315822384,0.0017940438874731,0.0423561552489502,0.4856852552803525,0.371193903494069,No,No,-0.0103189493433395,-0.0132895559724828,False,low,0.0004613204032864,0.2811937964320427,0.032520325203252,0.008220368382468462
199,123,104,81,35,7,69,30,5,0.6585365853658537,0.2845528455284553,0.056910569105691,0.6634615384615384,0.2884615384615384,0.048076923076923,0.008833646028767923,0.000284626501869,0.0168708773295582,1.1481710884194705,1.1205883156373804,No,No,0.0039086929330831,-0.0088336460287679,False,medium,1.3477988757171213e-05,0.8615804562891913,0.056910569105691,0.0014616793462947344
200,123,104,73,45,5,58,42,4,0.5934959349593496,0.3658536585365853,0.040650406504065,0.5576923076923077,0.4038461538461538,0.0384615384615384,0.0379924953095685,0.0011001888161401,0.0331690942918277,1.1652769231643338,1.1788990501208314,No,No,0.0379924953095685,-0.0021888680425265,False,medium,0.0010998737901356,0.9474351361840307,0.040650406504065,0.006223149874361681
201,123,104,69,38,16,55,35,14,0.5609756097560976,0.3089430894308943,0.1300813008130081,0.5288461538461539,0.3365384615384615,0.1346153846153846,0.03212945590994373,0.0007953339555273,0.0282016658289423,1.374145131123387,1.4042603071243944,No,No,0.0275953721075672,0.0045340838023764,False,high,0.0006284165913478,0.8919496672696391,0.1300813008130081,0.004463099417085291
202,123,104,73,42,8,63,35,6,0.5934959349593496,0.3414634146341463,0.065040650406504,0.6057692307692307,0.3365384615384615,0.0576923076923076,0.012273295809881166,0.0002169848557251,0.0147304058235063,1.2324777203396529,1.2042539895074815,No,No,-0.0049249530956848,-0.0073483427141963,False,high,1.9520452078425343e-05,0.9262122127346664,0.065040650406504,0.001155062008592046
203,123,104,107,13,3,91,11,2,0.8699186991869918,0.1056910569105691,0.024390243902439,0.875,0.1057692307692307,0.0192307692307692,0.0051594746716697865,0.0002259683686252,0.0150322442976824,0.6482253071041149,0.6209872175344419,No,No,7.817385866165649e-05,-0.0051594746716697,False,low,1.16557505314141e-08,0.4867804823835752,0.024390243902439,0.0011211656506961533
204,123,104,56,56,11,45,49,10,0.4552845528455284,0.4552845528455284,0.089430894308943,0.4326923076923077,0.4711538461538461,0.0961538461538461,0.022592245153220746,0.0003932440662954,0.0198303824041666,1.3451364640753218,1.3593488273203789,TIE:No|Yes,Yes,0.0158692933083177,0.006722951844903,True,high,0.0001826564147666,0.994223030575853,0.089430894308943,0.0021796112541304846
205,123,104,77,38,8,62,35,7,0.6260162601626016,0.3089430894308943,0.065040650406504,0.5961538461538461,0.3365384615384615,0.0673076923076923,0.029862414008755465,0.0007028339836339,0.0265110162693532,1.2029713415639256,1.2356650903385602,No,No,0.0275953721075672,0.0022670419011882,False,medium,0.0006284165913478,0.8919496672696391,0.065040650406504,0.003968395281338089
206,123,104,86,35,2,71,31,2,0.6991869918699187,0.2845528455284553,0.016260162601626,0.6826923076923077,0.2980769230769231,0.0192307692307692,0.016494684177611005,0.000274030948687,0.0165538801701309,0.973541541945303,1.006092303652385,No,No,0.0135240775484677,0.0029706066291432,False,medium,0.0001597766951191,0.8615804562891913,0.016260162601626,0.001574602164383019
207,123,104,83,34,6,70,29,5,0.6747967479674797,0.2764227642276423,0.048780487804878,0.6730769230769231,0.2788461538461538,0.048076923076923,0.002423389618511535,6.449447108813899e-06,0.0025395761671613,1.1082723556755552,1.1087002900710532,No,No,0.0024233896185115,-0.0007035647279549,False,medium,5.280824100228898e-06,0.850530668278094,0.048780487804878,3.577659052499556e-05
208,123,104,108,12,3,92,10,2,0.8780487804878049,0.0975609756097561,0.024390243902439,0.8846153846153846,0.0961538461538461,0.0192307692307692,0.006566604127579749,0.0002331308471297,0.0152686229611489,0.6229837106687363,0.5909495171207191,No,No,-0.0014071294559099,-0.0051594746716697,False,low,4.081943001055244e-06,0.4612160405139094,0.024390243902439,0.0011608316896778484
209,123,104,91,24,8,77,21,6,0.7398373983739838,0.1951219512195122,0.065040650406504,0.7403846153846154,0.2019230769230769,0.0576923076923076,0.007348342714196376,0.0002008716983514,0.0141729213061908,1.0380558689539623,1.0245646747162045,No,No,0.0068011257035647,-0.0073483427141963,False,medium,5.242788573789348e-05,0.7120640548905479,0.065040650406504,0.0010676846267637745
210,123,104,94,28,1,80,23,1,0.7642276422764228,0.2276422764227642,0.008130081300813,0.7692307692307693,0.2211538461538461,0.0096153846153846,0.0064884302689180795,8.461360611700108e-05,0.0091985654379909,0.8389593031009404,0.8370149817920509,No,No,-0.006488430268918,0.0014853033145716,False,low,4.362323492457243e-05,0.7738785654282402,0.008130081300813,0.0004890452734663035
211,123,104,107,11,5,93,9,2,0.8699186991869918,0.089430894308943,0.040650406504065,0.8942307692307693,0.0865384615384615,0.0192307692307692,0.02431207004377737,0.0029635970216146,0.0544389292842414,0.6742189295313553,0.5593715023139023,No,No,-0.0028924327704815,-0.0214196372732958,False,low,1.880268059045731e-05,0.4345673583842648,0.040650406504065,0.012059512198800481
212,123,104,93,26,4,80,21,3,0.7560975609756098,0.2113821138211382,0.032520325203252,0.7692307692307693,0.2019230769230769,0.0288461538461538,0.013133208255159505,0.0001982604897357,0.0140805003368382,0.9396429435122862,0.9047877857227612,No,No,-0.0094590368980612,-0.0036741713570981,False,low,9.842484433519871e-05,0.7441163072594044,0.032520325203252,0.0010665088573861775
213,123,104,77,37,9,68,30,6,0.6260162601626016,0.3008130081300813,0.073170731707317,0.6538461538461539,0.2884615384615384,0.0576923076923076,0.027829893683552306,0.0009735230118625,0.0312013302899507,1.2203871624550175,1.1555938904718075,No,No,-0.0123514696685428,-0.0154784240150093,False,high,0.0001323871095414,0.8822824449111784,0.073170731707317,0.005018630018630043
214,123,104,101,18,4,85,16,3,0.8211382113821138,0.1463414634146341,0.032520325203252,0.8173076923076923,0.1538461538461538,0.0288461538461538,0.007504690431519724,0.0001502949314059,0.0122594833254076,0.7999290599417367,0.8008905155077449,No,No,0.0075046904315197,-0.0036741713570981,False,low,7.962602101763139e-05,0.600608575413187,0.032520325203252,0.0008178355742379005
215,123,104,96,21,6,80,19,5,0.7804878048780488,0.1707317073170731,0.048780487804878,0.7692307692307693,0.1826923076923076,0.048076923076923,0.011960600375234515,0.0001773542582346,0.0133174418802793,0.927027993535078,0.9497232679405736,No,No,0.0119606003752344,-0.0007035647279549,False,low,0.0001773542582346,0.6593758812786992,0.048780487804878,0.001010407861369397
216,123,104,85,30,8,73,26,5,0.6910569105691057,0.2439024390243902,0.065040650406504,0.7019230769230769,0.25,0.048076923076923,0.016963727329580992,0.0009787386916109,0.0312847996894804,1.121336070868019,1.0689179302146838,No,No,0.0060975609756097,-0.0169637273295809,False,medium,3.60554709299965e-05,0.8014698931335287,0.065040650406504,0.004747732117995137
217,123,104,9,110,4,4,96,4,0.073170731707317,0.8943089430894309,0.032520325203252,0.0384615384615384,0.9230769230769232,0.0384615384615384,0.034709193245778674,0.0043014576049849,0.0655854984351335,0.5808974850083996,0.4681666405523325,Yes,Yes,0.0287679799874922,0.0059412132582864,False,low,0.0018056309761049,0.4867804823835752,0.032520325203252,0.01847543482158867
218,123,104,96,24,3,82,20,2,0.7804878048780488,0.1951219512195122,0.024390243902439,0.7884615384615384,0.1923076923076923,0.0192307692307692,0.00797373358348967,0.0002426102767254,0.0155759518722116,0.8697471265693033,0.8373836962523411,No,No,-0.0028142589118198,-0.0051594746716697,False,low,9.144590168097544e-06,0.7120640548905479,0.024390243902439,0.0012134800295858024
219,123,104,85,30,8,69,28,7,0.6910569105691057,0.2439024390243902,0.065040650406504,0.6634615384615384,0.2692307692307692,0.0673076923076923,0.027595372107567274,0.000667891269185,0.0258435924202711,1.121336070868019,1.1644242393938824,No,No,0.0253283302063789,0.0022670419011882,False,medium,0.0006067252682665,0.8014698931335287,0.065040650406504,0.0038112110598677437
220,123,104,46,58,19,36,52,16,0.3739837398373983,0.4715447154471545,0.1544715447154471,0.3461538461538461,0.5,0.1538461538461538,0.028455284552845517,0.0006890913996158,0.026250550463101,1.4583082415063138,1.4452458201097456,Yes,Yes,0.0284552845528455,-0.0006253908692933,False,high,0.0005846299530307,0.99766242758112,0.1544715447154471,0.003790614814050462
221,123,104,67,43,13,54,37,13,0.5447154471544715,0.3495934959349593,0.1056910569105691,0.5192307692307693,0.3557692307692308,0.125,0.025484677923702306,0.0008232823745408,0.0286928976323563,1.3501317691709869,1.396406872170586,No,No,0.0061757348342714,0.0193089430894308,False,high,3.012765878585011e-05,0.9337044887280268,0.1056910569105691,0.004829001065951375
222,123,104,79,32,12,68,28,8,0.6422764227642277,0.2601626016260163,0.0975609756097561,0.6538461538461539,0.2692307692307692,0.0769230769230769,0.020637898686679146,0.0009757605442335,0.0312371660723814,1.2431793092852157,1.195118458308054,No,No,0.0090681676047529,-0.0206378986866791,False,high,7.619473249920183e-05,0.8269916414523996,0.0975609756097561,0.004890200172271747
223,123,104,59,52,12,48,46,10,0.4796747967479675,0.4227642276422764,0.0975609756097561,0.4615384615384615,0.4423076923076923,0.0961538461538461,0.019543464665415934,0.0002889977864319,0.0169999348949338,1.3610644625397337,1.360234612736172,No,No,0.0195434646654158,-0.0014071294559099,False,high,0.0002806450293026,0.9827184823459942,0.0975609756097561,0.001609475170301572
224,123,104,97,25,1,82,22,0,0.7886178861788617,0.2032520325203252,0.008130081300813,0.7884615384615384,0.2115384615384615,0.0,0.008286429018136312,0.004124756571035,0.0642242677734441,0.7938319814650975,0.7444131797881748,No,No,0.0082864290181363,-0.008130081300813,False,low,7.533333934339748e-05,0.7283846722688454,0.008130081300813,0.008467943634478121
225,123,104,35,71,17,26,62,16,0.2845528455284553,0.5772357723577236,0.1382113821138211,0.25,0.5961538461538461,0.1538461538461538,0.03455284552845525,0.0012181441388403,0.0349019217069828,1.3681745103867031,1.360328142029028,Yes,Yes,0.0189180737961225,0.0156347717323327,False,high,0.0002661860556391,0.9827184823459942,0.1382113821138211,0.006584354718635508
226,123,104,70,39,14,60,31,13,0.5691056910569106,0.3170731707317073,0.1138211382113821,0.5769230769230769,0.2980769230769231,0.125,0.018996247654784235,0.0004196411338757,0.0204851442239422,1.34508794736703,1.353331663387838,No,No,-0.0189962476547842,0.0111788617886178,False,high,0.0003055965082192,0.9011701959974224,0.1138211382113821,0.002343394401456535
227,123,104,64,52,7,52,46,6,0.5203252032520326,0.4227642276422764,0.056910569105691,0.5,0.4423076923076923,0.0576923076923076,0.020325203252032537,0.0003072225954936,0.017527766414853,1.250853124869809,1.2579734650037238,No,No,0.0195434646654158,0.0007817385866166,False,high,0.0002806450293026,0.9827184823459942,0.056910569105691,0.0017081430034462624
228,123,104,78,33,12,66,28,10,0.6341463414634146,0.2682926829268293,0.0975609756097561,0.6346153846153846,0.2692307692307692,0.0961538461538461,0.0014071294559099348,4.339596932467771e-06,0.0020831699240503,1.25352321250397,1.250870192716626,No,No,0.0009380863039399,-0.0014071294559099,False,high,8.075026856069201e-07,0.8390040613676977,0.0975609756097561,2.3922083833327713e-05
229,123,104,59,56,8,52,46,6,0.4796747967479675,0.4552845528455284,0.065040650406504,0.5,0.4423076923076923,0.0576923076923076,0.020325203252032506,0.000378549121935,0.0194563388625667,1.2816379561719675,1.2579734650037238,No,No,-0.0129768605378361,-0.0073483427141963,False,high,0.0001227652090741,0.994223030575853,0.065040650406504,0.002061335014398904
230,123,104,51,63,9,43,53,8,0.4146341463414634,0.5121951219512195,0.073170731707317,0.4134615384615384,0.5096153846153846,0.0769230769230769,0.003752345215759928,3.678578491106421e-05,0.0060651285980648,1.2970539148187372,1.307082328294556,Yes,Yes,-0.0025797373358349,0.0037523452157598,False,high,4.8028900722085766e-06,0.9995708393473224,0.073170731707317,0.0002087373410902884
231,123,104,58,51,14,45,47,12,0.4715447154471545,0.4146341463414634,0.1138211382113821,0.4326923076923077,0.4519230769230769,0.1153846153846153,0.03885240775484675,0.001185041593563,0.0344244330899294,1.3948758137396309,1.400260724176302,No,Yes,0.0372889305816135,0.0015634771732332,True,high,0.0010214509390845,0.9788698505067784,0.1138211382113821,0.006576150532647257
232,123,104,109,8,6,92,6,6,0.8861788617886179,0.065040650406504,0.048780487804878,0.8846153846153846,0.0576923076923076,0.0576923076923076,0.008911819887429676,0.0004286264270276,0.0207032950765736,0.6234749410708503,0.6313315453920628,No,No,-0.0073483427141963,0.0089118198874296,False,low,0.0001691531110771,0.3471376284400273,0.048780487804878,0.0024611007817165118
233,123,104,37,74,12,31,63,10,0.3008130081300813,0.6016260162601627,0.0975609756097561,0.2980769230769231,0.6057692307692307,0.0961538461538461,0.004143214509068162,1.3322954315775348e-05,0.0036500622345071,1.2899220370996682,1.283439701301078,Yes,Yes,0.004143214509068,-0.0014071294559099,False,high,1.29394190698795e-05,0.969991485679179,0.0975609756097561,7.371461698384854e-05
234,123,104,25,92,6,20,78,6,0.2032520325203252,0.7479674796747967,0.048780487804878,0.1923076923076923,0.75,0.0576923076923076,0.010944340212632898,0.0003795734147391,0.0194826439360563,0.9931333695185875,1.006115583782154,Yes,Yes,0.0020325203252032,0.0089118198874296,False,medium,3.962607199259338e-06,0.8144837282722618,0.048780487804878,0.0022229547208644056
235,123,104,87,27,9,75,21,8,0.7073170731707317,0.2195121951219512,0.073170731707317,0.7211538461538461,0.2019230769230769,0.0769230769230769,0.017589118198874334,0.000347028041544,0.0186286886694708,1.1096090442804285,1.090823682895467,No,No,-0.0175891181988742,0.0037523452157598,False,medium,0.0003355373493809,0.7592757847892833,0.073170731707317,0.001872492008433659
236,123,104,93,25,5,77,23,4,0.7560975609756098,0.2032520325203252,0.040650406504065,0.7403846153846154,0.2211538461538461,0.0384615384615384,0.017901813633520915,0.000353783219678,0.0188091259679457,0.9600119471941028,0.9832811736909124,No,No,0.0179018136335209,-0.0021888680425265,False,low,0.0003457931317589,0.7283846722688454,0.040650406504065,0.002021139530444732
237,123,104,101,18,4,84,16,4,0.8211382113821138,0.1463414634146341,0.032520325203252,0.8076923076923077,0.1538461538461538,0.0384615384615384,0.013445903689806114,0.0002872758146078,0.016949212802011,0.7999290599417367,0.8451064151274781,No,No,0.0075046904315197,0.0059412132582864,False,low,7.962602101763139e-05,0.600608575413187,0.032520325203252,0.001690442712910334
238,123,104,98,20,5,82,18,4,0.7967479674796748,0.1626016260162601,0.040650406504065,0.7884615384615384,0.173076923076923,0.0384615384615384,0.010475297060662924,0.0001553905821067,0.0124655758834794,0.875118024888228,0.8891136180964337,No,No,0.0104752970606629,-0.0021888680425265,False,low,0.0001417018748425,0.640497300480551,0.040650406504065,0.0008788944571911598
239,123,104,111,9,3,94,7,3,0.902439024390244,0.073170731707317,0.024390243902439,0.903846153846154,0.0673076923076923,0.0288461538461538,0.0058630393996247105,0.0002233532653929,0.0149450080425843,0.5403651258269956,0.5414231410808555,No,No,-0.0058630393996247,0.0044559099437148,False,low,9.495037070567092e-05,0.3776463213737002,0.024390243902439,0.0012860493629724213
240,123,104,22,97,4,18,85,1,0.1788617886178861,0.7886178861788617,0.032520325203252,0.173076923076923,0.8173076923076923,0.0096153846153846,0.028689806128830524,0.0049623644865366,0.0704440521728885,0.8750426248337771,0.7402774143173781,Yes,Yes,0.0286898061288305,-0.0229049405878674,False,low,0.0009388782036943,0.7441163072594044,0.032520325203252,0.017363395303150453
241,123,104,89,28,6,77,22,5,0.7235772357723578,0.2276422764227642,0.048780487804878,0.7403846153846154,0.2115384615384615,0.048076923076923,0.016807379612257662,0.0002844637404222,0.0168660528999003,1.036368259990059,1.0056349131606617,No,No,-0.0161038148843026,-0.0007035647279549,False,medium,0.0002729504773658,0.7738785654282402,0.048780487804878,0.0015397645245851803
242,123,104,80,27,16,67,24,13,0.6504065040650406,0.2195121951219512,0.1300813008130081,0.6442307692307693,0.2307692307692307,0.125,0.011257035647279479,0.0001486491333251,0.0121921750858954,1.266610357783121,1.2718551785852008,No,No,0.0112570356472795,-0.0050813008130081,False,high,0.0001310061476601,0.7592757847892833,0.1300813008130081,0.0008344119822485121
243,123,104,22,95,6,17,82,5,0.1788617886178861,0.7723577235772358,0.048780487804878,0.1634615384615384,0.7884615384615384,0.048076923076923,0.016103814884302684,0.0003117364983082,0.0176560612342699,0.9445181361864958,0.9079803608874822,Yes,Yes,0.0161038148843026,-0.0007035647279549,False,low,0.0002729504773657,0.7738785654282403,0.048780487804878,0.001671898445683867
244,123,104,59,56,8,48,50,6,0.4796747967479675,0.4552845528455284,0.065040650406504,0.4615384615384615,0.4807692307692308,0.0576923076923076,0.02548467792370239,0.000535111117996,0.0231324689126796,1.2816379561719675,1.2602398669134125,No,Yes,0.0254846779237023,-0.0073483427141963,True,high,0.0004704682858601,0.994223030575853,0.065040650406504,0.0029424617103887187
245,123,104,90,27,6,77,23,4,0.7317073170731707,0.2195121951219512,0.048780487804878,0.7403846153846154,0.2211538461538461,0.0384615384615384,0.0103189493433396,0.0004618959612812,0.0214917649643115,1.0225265684903675,0.9832811736909124,No,No,0.0016416510318949,-0.0103189493433395,False,medium,2.829165224316199e-06,0.7592757847892833,0.048780487804878,0.0022980358316896862
246,123,104,103,19,1,87,16,1,0.8373983739837398,0.1544715447154471,0.008130081300813,0.8365384615384616,0.1538461538461538,0.0096153846153846,0.0014853033145715922,4.550851485396468e-05,0.0067459999150581,0.6870659113937145,0.6952850629599444,No,No,-0.0006253908692933,0.0014853033145716,False,low,5.409169716585893e-07,0.6209181358912585,0.008130081300813,0.00027476846882530377
247,123,104,101,16,6,86,13,5,0.8211382113821138,0.1300813008130081,0.048780487804878,0.8269230769230769,0.125,0.048076923076923,0.005784865540963056,4.5677178422520726e-05,0.0067584893595034,0.8287817023940511,0.8122269708848285,No,No,-0.0050813008130081,-0.0007035647279549,False,low,4.184712981858407e-05,0.5576611106650715,0.048780487804878,0.0002493898844396239
248,123,104,105,13,5,90,10,4,0.8536585365853658,0.1056910569105691,0.040650406504065,0.8653846153846154,0.0961538461538461,0.0384615384615384,0.011726078799249588,0.0002132879251076,0.0146043803397358,0.7253507966789644,0.6861506833473965,No,No,-0.0095372107567229,-0.0021888680425265,False,low,0.0001808372812609,0.4867804823835752,0.040650406504065,0.0011395409324403518
249,123,104,76,39,8,63,34,7,0.6178861788617886,0.3170731707317073,0.065040650406504,0.6057692307692307,0.3269230769230769,0.0673076923076923,0.012116948092557915,0.0001116219929055,0.0105651309933004,1.2110252569055795,1.2274218697044623,No,No,0.0098499061913696,0.0022670419011882,False,high,8.014514427934216e-05,0.9011701959974224,0.065040650406504,0.0006226249760438946
250,123,104,88,30,5,74,26,4,0.7154471544715447,0.2439024390243902,0.040650406504065,0.7115384615384616,0.25,0.0384615384615384,0.006097560975609772,5.285895881401714e-05,0.0072704166877846,1.02994262905652,1.030141816908297,No,No,0.0060975609756097,-0.0021888680425265,False,medium,3.60554709299965e-05,0.8014698931335287,0.040650406504065,0.0002916554599246942
251,123,104,99,16,8,86,12,6,0.8048780487804879,0.1300813008130081,0.065040650406504,0.8269230769230769,0.1153846153846153,0.0576923076923076,0.02204502814258911,0.0005837549281368,0.0241610208421931,0.8912437298280094,0.8236311227818496,No,No,-0.0146966854283927,-0.0073483427141963,False,low,0.0003619585582176,0.5576611106650715,0.065040650406504,0.003094461628115488
252,123,104,114,8,1,97,6,1,0.926829268292683,0.065040650406504,0.008130081300813,0.9326923076923076,0.0576923076923076,0.0096153846153846,0.007348342714196315,0.0002103376901212,0.014503023482062,0.4144701019670402,0.3956193268288006,No,No,-0.0073483427141963,0.0014853033145716,False,low,0.0001691531110771,0.3471376284400273,0.008130081300813,0.0011386639676113398
253,123,104,85,30,8,73,24,7,0.6910569105691057,0.2439024390243902,0.065040650406504,0.7019230769230769,0.2307692307692307,0.0673076923076923,0.013133208255159505,0.0001756534569963,0.0132534318950348,1.121336070868019,1.1086341674684743,No,No,-0.0131332082551594,0.0022670419011882,False,medium,0.0001718593243632,0.8014698931335287,0.065040650406504,0.0009570516446223531
254,123,104,56,53,14,46,46,12,0.4552845528455284,0.4308943089430894,0.1138211382113821,0.4423076923076923,0.4423076923076923,0.1153846153846153,0.012976860537836095,0.0001253228777431,0.0111947701067569,1.397029719681664,1.400562314622832,No,TIE:No|Yes,0.0114133833646028,0.0015634771732332,True,high,9.550426659588052e-05,0.9861763323473928,0.1138211382113821,0.0006936663662897296
255,123,104,35,80,8,27,70,7,0.2845528455284553,0.6504065040650406,0.065040650406504,0.2596153846153846,0.6730769230769231,0.0673076923076923,0.024937460913070746,0.0005663972541531,0.0237991019610655,1.1760173249810058,1.151562235458741,Yes,Yes,0.0226704190118824,0.0022670419011882,False,medium,0.0004141214086467,0.9337044887280268,0.065040650406504,0.0030546676880811633
256,123,104,82,34,7,69,30,5,0.6666666666666666,0.2764227642276423,0.056910569105691,0.6634615384615384,0.2884615384615384,0.048076923076923,0.012038774233896144,0.0003637230650821,0.019071524980508,1.1380877944807226,1.1205883156373804,No,No,0.0120387742338961,-0.0088336460287679,False,medium,0.0001289697015613,0.850530668278094,0.056910569105691,0.0019108789965690406
257,123,104,103,17,3,87,14,3,0.8373983739837398,0.1382113821138211,0.024390243902439,0.8365384615384616,0.1346153846153846,0.0288461538461538,0.0044559099437147896,0.0001519296907878,0.0123259762610436,0.7396583256376892,0.7524210590083105,No,No,-0.0035959974984365,0.0044559099437148,False,low,1.979572138899321e-05,0.5795353469249724,0.024390243902439,0.0009085045231972175
258,123,104,67,49,7,54,43,7,0.5447154471544715,0.3983739837398374,0.056910569105691,0.5192307692307693,0.4134615384615384,0.0673076923076923,0.02548467792370226,0.0006355669598914,0.0252104533852808,1.24169952504071,1.2798166986851234,No,No,0.015087554721701,0.0103971232020012,False,high,0.0001702382855062,0.9699914856791793,0.056910569105691,0.003663191409214052
259,123,104,43,76,4,38,63,3,0.3495934959349593,0.6178861788617886,0.032520325203252,0.3653846153846153,0.6057692307692307,0.0288461538461538,0.01579111944965606,0.0002484661489574,0.0157628090439953,1.1199789323806812,1.1163554085880687,Yes,Yes,-0.0121169480925579,-0.0036741713570981,False,medium,0.0001114887166832,0.9595212772858948,0.032520325203252,0.0013660120008980794
260,123,104,47,65,11,37,58,9,0.3821138211382114,0.5284552845528455,0.089430894308943,0.3557692307692308,0.5576923076923077,0.0865384615384615,0.029237023139462158,0.000640349061866,0.0253051192817985,1.32809717460177,1.3058051291156003,Yes,Yes,0.0292370231394621,-0.0028924327704815,False,high,0.0006213125989864,0.99766242758112,0.089430894308943,0.003527410993890915
261,123,104,76,36,11,64,32,8,0.6178861788617886,0.2926829268292683,0.089430894308943,0.6153846153846154,0.3076923076923077,0.0769230769230769,0.015009380863039379,0.0004766928713924,0.021833297309211,1.2594776038868334,1.2389012566026305,No,No,0.0150093808630394,-0.0125078173858661,False,high,0.0001934059700615,0.8721617883411699,0.089430894308943,0.002529184715419518
262,123,104,113,8,2,96,6,2,0.91869918699187,0.065040650406504,0.016260162601626,0.9230769230769232,0.0576923076923076,0.0192307692307692,0.007348342714196406,0.0002523148904127,0.0158844228857322,0.4654395236082138,0.453649573203035,No,No,-0.0073483427141963,0.0029706066291432,False,low,0.0001691531110771,0.3471376284400273,0.016260162601626,0.0013937889459077377
263,123,104,52,57,14,43,51,10,0.4227642276422764,0.4634146341463415,0.1138211382113821,0.4134615384615384,0.4903846153846153,0.0961538461538461,0.02696998123827391,0.0008492029325855,0.0291410866747536,1.396168447944658,1.3558016619717643,Yes,Yes,0.0269699812382738,-0.0176672920575359,False,high,0.0005258804845924,0.9961344835095796,0.1138211382113821,0.004516622868333785
264,123,104,62,57,4,51,50,3,0.5040650406504065,0.4634146341463415,0.032520325203252,0.4903846153846153,0.4807692307692308,0.0288461538461538,0.01735459662288933,0.0002623263139198,0.0161964907902875,1.1731250577670729,1.1596571274541114,No,No,0.0173545966228892,-0.0036741713570981,False,medium,0.0002179469849872,0.9961344835095796,0.032520325203252,0.0014363192679398493
265,123,104,83,32,8,71,25,8,0.6747967479674797,0.2601626016260163,0.065040650406504,0.6826923076923077,0.2403846153846154,0.0769230769230769,0.01977798624140091,0.0006576300774951,0.0256442991227133,1.1447236695522909,1.1549738505526257,No,No,-0.0197779862414008,0.0118824265165728,False,medium,0.0003760267656145,0.8269916414523996,0.065040650406504,0.003766765935784578
266,123,104,68,50,5,56,44,4,0.5528455284552846,0.4065040650406504,0.040650406504065,0.5384615384615384,0.4230769230769231,0.0384615384615384,0.0165728580362727,0.0002096479596136,0.0144792251040463,1.1884500893376453,1.1867198445327565,No,No,0.0165728580362726,-0.0021888680425265,False,medium,0.0002040619972185,0.9746283078841383,0.040650406504065,0.0011677688827010139
267,123,104,57,58,8,48,48,8,0.4634146341463415,0.4715447154471545,0.065040650406504,0.4615384615384615,0.4615384615384615,0.0769230769230769,0.011882426516572925,0.0003992089513342,0.0199802139962081,1.2820459807474556,1.3143204867061788,Yes,TIE:No|Yes,-0.0100062539086929,0.0118824265165728,True,high,7.255111140624937e-05,0.99766242758112,0.065040650406504,0.002390758062264433
268,123,104,32,84,7,27,72,5,0.2601626016260163,0.6829268292682927,0.056910569105691,0.2596153846153846,0.6923076923076923,0.048076923076923,0.009380863039399629,0.0002916799168328,0.0170786391973387,1.116448261698434,1.082880072595929,Yes,Yes,0.0093808630393995,-0.0088336460287679,False,medium,7.388369685934482e-05,0.9011701959974224,0.056910569105691,0.001501165601225702
269,123,104,28,87,8,23,74,7,0.2276422764227642,0.7073170731707317,0.065040650406504,0.2211538461538461,0.7115384615384616,0.0673076923076923,0.006488430268918148,5.237111531508632e-05,0.007236789019661,1.0958314000022296,1.0928151171770843,Yes,Yes,0.0042213883677298,0.0022670419011882,False,medium,1.5589628729717475e-05,0.8721617883411699,0.065040650406504,0.0002891515397732306
270,123,104,89,30,4,77,23,4,0.7235772357723578,0.2439024390243902,0.032520325203252,0.7403846153846154,0.2211538461538461,0.0384615384615384,0.022748592870544083,0.0006506696901741,0.0255082278916849,0.994977975060663,0.9832811736909124,No,No,-0.022748592870544,0.0059412132582864,False,medium,0.0005231092152528,0.8014698931335287,0.032520325203252,0.003597562495844687
271,123,104,68,47,8,58,39,7,0.5528455284552846,0.3821138211382114,0.065040650406504,0.5576923076923077,0.375,0.0673076923076923,0.007113821138211428,4.574434191839672e-05,0.0067634563588742,1.259480771730524,1.2625063651850337,No,No,-0.0071138211382114,0.0022670419011882,False,high,3.8793839303163935e-05,0.9595212772858948,0.065040650406504,0.00025394920888537233
272,123,104,89,28,6,74,25,5,0.7235772357723578,0.2276422764227642,0.048780487804878,0.7115384615384616,0.2403846153846154,0.048076923076923,0.012742338961851205,0.0001634079712484,0.0127831127370634,1.036368259990059,1.0542320808781382,No,No,0.0127423389618511,-0.0007035647279549,False,medium,0.000163366566087,0.7738785654282402,0.048780487804878,0.00092370289067027
273,123,104,8,115,0,5,99,0,0.065040650406504,0.934959349593496,0.0,0.048076923076923,0.9519230769230768,0.0,0.016963727329580867,0.0009760218262839,0.0312413480228363,0.3471376284400273,0.2781710079264945,Yes,Yes,0.0169637273295809,0.0,False,low,0.0009760218262839,0.3471376284400274,0.0,0.004732220382042707
274,123,104,100,22,1,86,17,1,0.8130081300813008,0.1788617886178861,0.008130081300813,0.8269230769230769,0.1634615384615384,0.0096153846153846,0.015400250156347682,0.0003374422851637,0.0183696022048314,0.7433834924327926,0.7182701296253596,No,No,-0.0154002501563477,0.0014853033145716,False,low,0.0003015687547694,0.6775807218599569,0.008130081300813,0.0018354962345346884
275,123,104,100,17,6,86,15,3,0.8130081300813008,0.1382113821138211,0.048780487804878,0.8269230769230769,0.1442307692307692,0.0288461538461538,0.01993433395872418,0.0019560261104424,0.0442269839627622,0.8499757875908238,0.7771991860192493,No,No,0.006019387116948,-0.0199343339587242,False,low,5.38811145809337e-05,0.5795353469249724,0.048780487804878,0.008646558475461197
276,123,104,72,35,16,58,32,14,0.5853658536585366,0.2845528455284553,0.1300813008130081,0.5576923076923077,0.3076923076923077,0.1346153846153846,0.027673545966228896,0.0005958404998769,0.0244098443230785,1.3509738086163106,1.3824986928891148,No,No,0.0231394621638524,0.0045340838023764,False,high,0.0004633467513611,0.8615804562891913,0.1300813008130081,0.0033479941532826166
277,123,104,104,14,5,90,11,3,0.8455284552845529,0.1138211382113821,0.040650406504065,0.8653846153846154,0.1057692307692307,0.0288461538461538,0.01985616010006256,0.0009162955228935,0.0302703736827532,0.7493572689984523,0.6708684299022031,No,No,-0.0080519074421513,-0.0118042526579111,False,low,0.0001196453166603,0.5113351532295534,0.040650406504065,0.004463676116782639
278,123,104,66,44,13,56,37,11,0.5365853658536586,0.3577235772357723,0.1056910569105691,0.5384615384615384,0.3557692307692308,0.1057692307692307,0.0019543464665414956,3.1221386613822237e-06,0.001766957458849,1.3551102823023844,1.3541378145977534,No,No,-0.0019543464665415,7.817385866165649e-05,False,high,3.0015546140793603e-06,0.9407773482170269,0.1056910569105691,1.7295020068687495e-05
279,123,104,82,36,5,67,34,3,0.6666666666666666,0.2926829268292683,0.040650406504065,0.6442307692307693,0.3269230769230769,0.0288461538461538,0.034240150093808604,0.0015479658432482,0.0393441970720998,1.0966104004201918,1.08354933482046,No,No,0.0342401500938086,-0.0118042526579111,False,medium,0.0009891535201255,0.8721617883411699,0.040650406504065,0.008188486193293891
280,123,104,36,75,12,28,65,11,0.2926829268292683,0.6097560975609756,0.0975609756097561,0.2692307692307692,0.625,0.1057692307692307,0.02345215759849903,0.0005405561503482,0.0232498634479474,1.2815531082029132,1.276270550165393,Yes,Yes,0.0152439024390244,0.0082082551594746,False,high,0.000177409864313,0.9649567669505684,0.0975609756097561,0.002950875246548311
281,123,104,106,10,7,91,8,5,0.8617886178861789,0.08130081300813,0.056910569105691,0.875,0.0769230769230769,0.048076923076923,0.013211382113821103,0.0003483308076872,0.0186636225767469,0.7146256143882157,0.663719018789956,No,No,-0.0043777360850531,-0.0088336460287679,False,low,4.744450002996947e-05,0.4067461825604607,0.056910569105691,0.0018094138263768155
282,123,104,39,79,5,33,67,4,0.3170731707317073,0.6422764227642277,0.040650406504065,0.3173076923076923,0.6442307692307693,0.0384615384615384,0.0021888680425265726,2.294781896972076e-05,0.0047903881857027,1.1234981954526089,1.1149302787228257,Yes,Yes,0.0019543464665415,-0.0021888680425265,False,medium,3.0015546141903826e-06,0.9407773482170269,0.040650406504065,0.00012398235799104842
283,123,104,108,14,1,92,12,0,0.8780487804878049,0.1138211382113821,0.008130081300813,0.8846153846153846,0.1153846153846153,0.0,0.00813008130081295,0.0040777104677491,0.0638569531668179,0.5780363009289873,0.5159469300074474,No,No,0.0015634771732332,-0.008130081300813,False,low,4.344472016137857e-06,0.5113351532295534,0.008130081300813,0.008200666854512997
284,123,104,73,40,10,61,35,8,0.5934959349593496,0.3252032520325203,0.08130081300813,0.5865384615384616,0.3365384615384615,0.0769230769230769,0.011335209505941163,0.0001285204585632,0.0113366864013813,1.2680950131229034,1.264863918290997,No,No,0.0113352095059412,-0.0043777360850531,False,high,0.0001046625047708,0.9099503053612784,0.08130081300813,0.0007123832272837721
285,123,104,95,21,7,82,17,5,0.7723577235772358,0.1707317073170731,0.056910569105691,0.7884615384615384,0.1634615384615384,0.048076923076923,0.016103814884302684,0.0003853682149969,0.0196307976148934,0.958559764492108,0.9079803608874822,No,No,-0.0072701688555347,-0.0088336460287679,False,low,6.849202681846744e-05,0.6593758812786992,0.056910569105691,0.0020165057614450373
286,123,104,108,11,4,92,9,3,0.8780487804878049,0.089430894308943,0.032520325203252,0.8846153846153846,0.0865384615384615,0.0288461538461538,0.0065666041275797005,0.000105360921889,0.01026454684285,0.6369730578704198,0.6095559443681166,No,No,-0.0028924327704815,-0.0036741713570981,False,low,1.880268059045731e-05,0.4345673583842648,0.032520325203252,0.0005577688870958103
287,123,104,76,36,11,63,32,9,0.6178861788617886,0.2926829268292683,0.089430894308943,0.6057692307692307,0.3076923076923077,0.0865384615384615,0.015009380863039427,0.0001957759358082,0.0139919954191036,1.2594776038868334,1.2668054855115196,No,No,0.0150093808630394,-0.0028924327704815,False,high,0.0001934059700615,0.8721617883411699,0.089430894308943,0.001100878077725247
288,123,104,26,93,4,19,82,3,0.2113821138211382,0.7560975609756098,0.032520325203252,0.1826923076923076,0.7884615384615384,0.0288461538461538,0.03236397748592874,0.00107800220139,0.0328329438428858,0.9396429435122862,0.8659707312538378,Yes,Yes,0.0323639774859286,-0.0036741713570981,False,low,0.0010747853765333,0.8014698931335287,0.032520325203252,0.0056943371276080516
289,123,104,17,102,4,12,88,4,0.1382113821138211,0.8292682926829268,0.032520325203252,0.1153846153846153,0.8461538461538461,0.0384615384615384,0.022826766729205788,0.0009830237509502,0.0313532095797268,0.7793091949136438,0.7441942138263227,Yes,Yes,0.0168855534709193,0.0059412132582864,False,low,0.0003783532284694,0.6593758812786992,0.032520325203252,0.005199269056735134
290,123,104,81,28,14,68,23,13,0.6585365853658537,0.2276422764227642,0.1138211382113821,0.6538461538461539,0.2211538461538461,0.125,0.01117886178861792,0.000228677929007,0.0151221006810247,1.2397766438752238,1.2572174630433173,No,No,-0.006488430268918,0.0111788617886178,False,high,4.362323492457243e-05,0.7738785654282402,0.1138211382113821,0.0013162696455965741
291,123,104,86,32,5,70,29,5,0.6991869918699187,0.2601626016260163,0.040650406504065,0.6730769230769231,0.2788461538461538,0.048076923076923,0.02611006879299556,0.0006372783765478,0.0252443731660703,1.054153453478937,1.1087002900710532,No,No,0.0186835522201375,0.007426516572858,False,medium,0.0003198061096707,0.8269916414523996,0.040650406504065,0.0036735655402848266
292,123,104,83,33,7,71,27,6,0.6747967479674797,0.2682926829268293,0.056910569105691,0.6826923076923077,0.2596153846153846,0.0576923076923076,0.008677298311444665,6.993177968928066e-05,0.0083625223281783,1.1275164305829233,1.1184802657605823,No,No,-0.0086772983114446,0.0007817385866166,False,medium,6.989328086703939e-05,0.8390040613676977,0.056910569105691,0.0003837682243613687
293,123,104,39,77,7,31,67,6,0.3170731707317073,0.6260162601626016,0.056910569105691,0.2980769230769231,0.6442307692307693,0.0576923076923076,0.018996247654784266,0.0003077397307658,0.0175425120996341,1.1837768254730747,1.1666143682661805,Yes,Yes,0.0182145090681676,0.0007817385866166,False,medium,0.0002581959948564,0.9536818743463132,0.056910569105691,0.0016787945782028668
294,123,104,87,30,6,75,25,4,0.7073170731707317,0.2439024390243902,0.048780487804878,0.7211538461538461,0.2403846153846154,0.0384615384615384,0.013836772983114448,0.0004987999603953,0.0223338299535786,1.062412253213859,1.0152685014914846,No,No,-0.0035178236397748,-0.0103189493433395,False,medium,1.2161183409853392e-05,0.8014698931335287,0.048780487804878,0.0025042720873291245
295,123,104,84,28,11,73,22,9,0.6829268292682927,0.2276422764227642,0.089430894308943,0.7019230769230769,0.2115384615384615,0.0865384615384615,0.01899624765478416,0.0003241567917586,0.0180043547998443,1.1732921546397352,1.1379972813983747,No,No,-0.0161038148843026,-0.0028924327704815,False,medium,0.0002729504773658,0.7738785654282402,0.089430894308943,0.0017611595135633498
296,123,104,101,17,5,85,14,5,0.8211382113821138,0.1382113821138211,0.040650406504065,0.8173076923076923,0.1346153846153846,0.048076923076923,0.007426516572858033,0.00024478365276,0.0156455633570683,0.8158814278301029,0.8378354974204392,No,No,-0.0035959974984365,0.007426516572858,False,low,1.979572138899321e-05,0.5795353469249724,0.040650406504065,0.001468197420159687
297,123,104,60,49,14,48,44,12,0.4878048780487805,0.3983739837398374,0.1138211382113821,0.4615384615384615,0.4230769230769231,0.1153846153846153,0.02626641651031892,0.0005339715147654,0.0231078236700347,1.3909926597541769,1.3993556675323378,No,No,0.0247029393370856,0.0015634771732332,False,high,0.0004547410531496,0.9699914856791793,0.1138211382113821,0.002967636758845549
298,123,104,74,33,16,61,29,14,0.6016260162601627,0.2682926829268293,0.1300813008130081,0.5865384615384616,0.2788461538461538,0.1346153846153846,0.015087554721701063,0.000170538332741,0.0130590326112256,1.3330465785476038,1.3546763012291487,No,No,0.0105534709193245,0.0045340838023764,False,high,0.0001010727613645,0.8390040613676977,0.1300813008130081,0.0009515319010511307
299,123,104,65,50,8,55,43,6,0.5284552845528455,0.4065040650406504,0.065040650406504,0.5288461538461539,0.4134615384615384,0.0576923076923076,0.0073483427141963625,0.000180123227031,0.0134209994795876,1.2705899741556157,1.25030564409904,No,No,0.006957473420888,-0.0073483427141963,False,high,3.608788750153469e-05,0.9746283078841383,0.065040650406504,0.0009495903504779299
300,123,104,51,68,4,41,59,4,0.4146341463414634,0.5528455284552846,0.032520325203252,0.3942307692307692,0.5673076923076923,0.0384615384615384,0.020403377110694152,0.0004325605880328,0.0207980909708768,1.1600660041557491,1.1741361402402264,Yes,Yes,0.0144621638524077,0.0059412132582864,False,medium,0.0001530886101408,0.9919270464052614,0.032520325203252,0.0024677493038635454
301,123,104,88,30,5,74,26,4,0.7154471544715447,0.2439024390243902,0.040650406504065,0.7115384615384616,0.25,0.0384615384615384,0.006097560975609772,5.285895881401714e-05,0.0072704166877846,1.02994262905652,1.030141816908297,No,No,0.0060975609756097,-0.0021888680425265,False,medium,3.60554709299965e-05,0.8014698931335287,0.040650406504065,0.0002916554599246942
302,123,104,59,50,14,52,40,12,0.4796747967479675,0.4065040650406504,0.1138211382113821,0.5,0.3846153846153846,0.1153846153846153,0.021888680425265768,0.0003744056667007,0.0193495650261387,1.3931509418441883,1.3896749186460426,No,No,-0.0218886804252657,0.0015634771732332,False,high,0.0003614108118673,0.9746283078841383,0.1138211382113821,0.0020613350143989
303,123,104,82,30,11,71,25,8,0.6666666666666666,0.2439024390243902,0.089430894308943,0.6826923076923077,0.2403846153846154,0.0769230769230769,0.016025641025640996,0.0004173758836838,0.0204297793351726,1.1979638545103888,1.1549738505526257,No,No,-0.0035178236397748,-0.0125078173858661,False,medium,1.2161183409853392e-05,0.8014698931335287,0.089430894308943,0.002185314685314668
304,123,104,108,12,3,91,10,3,0.8780487804878049,0.0975609756097561,0.024390243902439,0.875,0.0961538461538461,0.0288461538461538,0.004455909943714838,0.0001402739346386,0.0118437297604541,0.6229837106687363,0.6409831728611071,No,No,-0.0014071294559099,0.0044559099437148,False,low,4.081943001055244e-06,0.4612160405139094,0.024390243902439,0.0008449416502301055
305,123,104,82,31,10,71,25,8,0.6666666666666666,0.2520325203252032,0.08130081300813,0.6826923076923077,0.2403846153846154,0.0769230769230769,0.016025641025640983,0.0002117237836303,0.0145507313778491,1.185452465098999,1.1549738505526257,No,No,-0.0116479049405878,-0.0043777360850531,False,medium,0.0001318431064409,0.8144837282722617,0.08130081300813,0.0011592741935483762
306,123,104,103,14,6,88,10,6,0.8373983739837398,0.1138211382113821,0.048780487804878,0.8461538461538461,0.0961538461538461,0.0576923076923076,0.017667292057535946,0.0008225580552043,0.0286802729276478,0.7837966336887936,0.7662181951287583,No,No,-0.0176672920575359,0.0089118198874296,False,low,0.0005996782491706,0.5113351532295534,0.048780487804878,0.004461977529565276
307,123,104,87,26,10,73,22,9,0.7073170731707317,0.2113821138211382,0.08130081300813,0.7019230769230769,0.2115384615384615,0.0865384615384615,0.0053939962476548045,6.642825008529307e-05,0.0081503527583346,1.1216462308727246,1.1379972813983747,No,No,0.0001563477173233,0.0052376485303314,False,medium,2.6437188216377198e-08,0.7441163072594044,0.08130081300813,0.0003786756627375947
308,123,104,75,33,15,64,27,13,0.6097560975609756,0.2682926829268293,0.1219512195121951,0.6153846153846154,0.2596153846153846,0.125,0.00867729831144471,7.43475297995122e-05,0.0086225013655848,1.3146302235494205,1.311135113388709,No,No,-0.0086772983114446,0.0030487804878048,False,high,6.989328086703939e-05,0.8390040613676977,0.1219512195121951,0.0004088219472834907
309,123,104,89,27,7,76,24,4,0.7235772357723578,0.2195121951219512,0.056910569105691,0.7307692307692307,0.2307692307692307,0.0384615384615384,0.018449030644152528,0.0014096744611371,0.0375456317184457,1.0532972503081317,0.9996551889197436,No,No,0.0112570356472795,-0.0184490306441525,False,medium,0.0001310061476601,0.7592757847892833,0.056910569105691,0.0066294984186081865
310,123,104,98,22,3,82,19,3,0.7967479674796748,0.1788617886178861,0.024390243902439,0.7884615384615384,0.1826923076923076,0.0288461538461538,0.008286429018136332,0.0001649354127207,0.0128427182761586,0.8359783440752202,0.8659707312538378,No,No,0.0038305190744215,0.0044559099437148,False,low,1.7867390788794957e-05,0.6775807218599569,0.024390243902439,0.0009822766519195015
311,123,104,83,28,12,71,23,10,0.6747967479674797,0.2276422764227642,0.0975609756097561,0.6826923076923077,0.2211538461538461,0.0961538461538461,0.007895559724828062,5.4084373791951634e-05,0.0073542078969765,1.196548971777764,1.1822353775351562,No,No,-0.006488430268918,-0.0014071294559099,False,medium,4.362323492457243e-05,0.7738785654282402,0.0975609756097561,0.0002976163954210789
312,123,104,74,44,5,61,39,4,0.6016260162601627,0.3577235772357723,0.040650406504065,0.5865384615384616,0.375,0.0384615384615384,0.01727642276422769,0.0002378812300423,0.0154233987837413,1.1593910845992383,1.1628852553818252,No,No,0.0172764227642276,-0.0021888680425265,False,medium,0.0002318841685328,0.9407773482170269,0.040650406504065,0.0013305999483884186
313,123,104,87,28,8,73,23,8,0.7073170731707317,0.2276422764227642,0.065040650406504,0.7019230769230769,0.2211538461538461,0.0769230769230769,0.011882426516572897,0.0004004142822271,0.0200103543753514,1.0958314000022296,1.1244866624915484,No,No,-0.006488430268918,0.0118824265165728,False,medium,4.362323492457243e-05,0.7738785654282402,0.065040650406504,0.00239690059608828
314,123,104,116,6,1,101,2,1,0.943089430894309,0.048780487804878,0.008130081300813,0.971153846153846,0.0192307692307692,0.0096153846153846,0.029549718574108735,0.0049818847543547,0.0705824677547816,0.3487293798178959,0.2150612589302146,No,No,-0.0295497185741088,0.0014853033145716,False,low,0.0049516065710797,0.2811937964320427,0.008130081300813,0.019006803458477845
315,123,104,82,35,6,72,27,5,0.6666666666666666,0.2845528455284553,0.048780487804878,0.6923076923076923,0.2596153846153846,0.048076923076923,0.02564102564102568,0.0005886684218834,0.0242624900182036,1.118498692525552,1.082880072595929,No,No,-0.0249374609130706,-0.0007035647279549,False,medium,0.0005663972541533,0.8615804562891913,0.048780487804878,0.0031817941673710974
316,123,104,85,28,10,74,23,7,0.6910569105691057,0.2276422764227642,0.08130081300813,0.7115384615384616,0.2211538461538461,0.0673076923076923,0.02048155096935584,0.000617640702619,0.0248523782085145,1.148827933484027,1.0928151171770843,No,No,-0.006488430268918,-0.0139931207004377,False,medium,4.362323492457243e-05,0.7738785654282402,0.08130081300813,0.0032004018323305438
317,123,104,64,49,10,52,44,8,0.5203252032520326,0.3983739837398374,0.08130081300813,0.5,0.4230769230769231,0.0769230769230769,0.024702939337085672,0.0004577082567756,0.0213941173404186,1.3137335028146966,1.3096910973393818,No,No,0.0247029393370856,-0.0043777360850531,False,high,0.0004547410531496,0.9699914856791793,0.08130081300813,0.002561492422412749
318,123,104,89,30,4,74,28,2,0.7235772357723578,0.2439024390243902,0.032520325203252,0.7115384615384616,0.2692307692307692,0.0192307692307692,0.025328330206379007,0.0017323051337369,0.0416209698798202,0.994977975060663,0.9686561905049844,No,No,0.0253283302063789,-0.0132895559724828,False,medium,0.0006067252682665,0.8014698931335287,0.032520325203252,0.008261377235556156
319,123,104,80,37,6,64,34,6,0.6504065040650406,0.3008130081300813,0.048780487804878,0.6153846153846154,0.3269230769230769,0.0576923076923076,0.0350218886804252,0.0010106949938371,0.0317914295657981,1.137524284822272,1.1957905680753376,No,No,0.0261100687929956,0.0089118198874296,False,medium,0.0005710051621152,0.8822824449111784,0.048780487804878,0.005780225491763929
320,123,104,7,106,10,3,92,9,0.056910569105691,0.8617886178861789,0.08130081300813,0.0288461538461538,0.8846153846153846,0.0865384615384615,0.028064415259537196,0.0035409096250701,0.059505542809642,0.7146256143882157,0.6095559443681167,Yes,Yes,0.0228267667292056,0.0052376485303314,False,low,0.0008496914688685,0.5795353469249724,0.056910569105691,0.01478151067002664
321,123,104,30,83,10,22,74,8,0.2439024390243902,0.6747967479674797,0.08130081300813,0.2115384615384615,0.7115384615384616,0.0769230769230769,0.03674171357098184,0.0012251214452041,0.0350017348884901,1.1737805897382323,1.1080642886549112,Yes,Yes,0.0367417135709818,-0.0043777360850531,False,medium,0.0011451426075318,0.9099503053612784,0.08130081300813,0.006530708633349964
322,123,104,86,27,10,72,24,8,0.6991869918699187,0.2195121951219512,0.08130081300813,0.6923076923076923,0.2307692307692307,0.0769230769230769,0.01125703564727952,0.0001574715933252,0.0125487685979638,1.1355225345126732,1.1401156785146092,No,No,0.0112570356472795,-0.0043777360850531,False,medium,0.0001310061476601,0.7592757847892833,0.08130081300813,0.0008806935461675971
323,123,104,49,69,5,38,61,5,0.3983739837398374,0.5609756097560976,0.040650406504065,0.3653846153846153,0.5865384615384616,0.048076923076923,0.032989368355222023,0.0009439561636179,0.0307238696068378,1.1846396244142343,1.1926910299042737,Yes,Yes,0.0255628517823639,0.007426516572858,False,medium,0.0004819151448089,0.9892452969285004,0.040650406504065,0.0052534809910586315
324,123,104,98,19,6,84,15,5,0.7967479674796748,0.1544715447154471,0.048780487804878,0.8076923076923077,0.1442307692307692,0.048076923076923,0.010944340212632912,0.0001554256840937,0.0124669837608688,0.8899782249892767,0.8622891131220494,No,No,-0.0102407754846779,-0.0007035647279549,False,low,0.0001488895189412,0.6209181358912585,0.048780487804878,0.0008393997197134853
325,123,104,82,32,9,68,29,7,0.6666666666666666,0.2601626016260163,0.073170731707317,0.6538461538461539,0.2788461538461538,0.0673076923076923,0.01868355222013749,0.0003668049097365,0.01915215156938,1.171387762317584,1.1765896554668047,No,No,0.0186835522201375,-0.0058630393996247,False,medium,0.0003198061096707,0.8269916414523996,0.073170731707317,0.0020581006533530338
326,123,104,69,45,9,60,39,5,0.5609756097560976,0.3658536585365853,0.073170731707317,0.5769230769230769,0.375,0.048076923076923,0.025093808630393975,0.0020081058937007,0.0448118945560295,1.274620994237534,1.1989612301932495,No,No,0.0091463414634146,-0.0250938086303939,False,high,6.469028853117731e-05,0.9474351361840307,0.073170731707317,0.009287904124860653
327,123,104,93,21,9,79,18,7,0.7560975609756098,0.1707317073170731,0.073170731707317,0.7596153846153846,0.173076923076923,0.0673076923076923,0.005863039399624702,9.699753599590188e-05,0.0098487327101461,1.0164188929458928,1.001316510579977,No,No,0.0023452157598498,-0.0058630393996247,False,medium,6.96763951912871e-06,0.6593758812786992,0.073170731707317,0.0005183763713540271
328,123,104,78,34,11,67,28,9,0.6341463414634146,0.2764227642276423,0.089430894308943,0.6442307692307693,0.2692307692307692,0.0865384615384615,0.010084427767354597,8.003128837041906e-05,0.008946020812094,1.240979078682515,1.2238701163020107,No,No,-0.007191994996873,-0.0028924327704815,False,high,4.701842442855764e-05,0.850530668278094,0.089430894308943,0.0004410372737252293
329,123,104,42,65,16,33,57,14,0.3414634146341463,0.5284552845528455,0.1300813008130081,0.3173076923076923,0.5480769230769231,0.1346153846153846,0.024155722326454077,0.0004765454337491,0.0218299206079453,1.3983580857981222,1.3904137022273837,Yes,Yes,0.0196216385240776,0.0045340838023764,False,high,0.0002793797988809,0.99766242758112,0.1300813008130081,0.0025954121691917605
330,123,104,57,56,10,48,49,7,0.4634146341463415,0.4552845528455284,0.08130081300813,0.4615384615384615,0.4711538461538461,0.0673076923076923,0.01586929330831769,0.0005753501984062,0.0239864586466253,1.3253934696360712,1.28841599842317,No,Yes,0.0158692933083177,-0.0139931207004377,True,high,0.0001826564147666,0.994223030575853,0.08130081300813,0.002969163617253168
331,123,104,72,43,8,59,40,5,0.5853658536585366,0.3495934959349593,0.065040650406504,0.5673076923076923,0.3846153846153846,0.048076923076923,0.035021888680425266,0.001625807681683,0.0403213055552902,1.2387422731763398,1.2046444856191696,No,No,0.0350218886804252,-0.0169637273295809,False,high,0.0009522843557296,0.9337044887280268,0.065040650406504,0.008489970356864374
332,123,104,95,21,7,80,19,5,0.7723577235772358,0.1707317073170731,0.056910569105691,0.7692307692307693,0.1826923076923076,0.048076923076923,0.011960600375234488,0.0004166985930887,0.0204131965426484,0.958559764492108,0.9497232679405736,No,No,0.0119606003752344,-0.0088336460287679,False,low,0.0001773542582346,0.6593758812786992,0.056910569105691,0.0022217155314321335
333,123,104,32,80,11,26,68,10,0.2601626016260163,0.6504065040650406,0.089430894308943,0.25,0.6538461538461539,0.0961538461538461,0.010162601626016309,0.0001641514183714,0.0128121590050798,1.2204982826075386,1.2256494602029662,Yes,Yes,0.0034396497811132,0.006722951844903,False,high,9.40504845270418e-06,0.9337044887280268,0.089430894308943,0.0009205638111888211
334,123,104,105,12,6,88,10,6,0.8536585365853658,0.0975609756097561,0.048780487804878,0.8461538461538461,0.0961538461538461,0.0576923076923076,0.008911819887429642,0.0002849868869307,0.0168815546360752,0.7349933316162831,0.7662181951287583,No,No,-0.0014071294559099,0.0089118198874296,False,low,4.081943001055244e-06,0.4612160405139094,0.048780487804878,0.0017143913778529022
335,123,104,93,24,6,79,20,5,0.7560975609756098,0.1951219512195122,0.048780487804878,0.7596153846153846,0.1923076923076923,0.048076923076923,0.003517823639774865,1.2161183409853392e-05,0.0034872888337293,0.977549916276788,0.9692197039278692,No,No,-0.0028142589118198,-0.0007035647279549,False,medium,9.144590168097544e-06,0.7120640548905479,0.048780487804878,6.710488642870888e-05
336,123,104,84,29,10,72,24,8,0.6829268292682927,0.2357723577235772,0.08130081300813,0.6923076923076923,0.2307692307692307,0.0769230769230769,0.00938086303939957,8.612257051665573e-05,0.0092802247018407,1.161576348258028,1.1401156785146092,No,No,-0.0050031269543464,-0.0043777360850531,False,medium,2.5238979229680325e-05,0.7879388881327561,0.08130081300813,0.0004707494097414448
337,123,104,100,13,10,85,11,8,0.8130081300813008,0.1056910569105691,0.08130081300813,0.8173076923076923,0.1057692307692307,0.0769230769230769,0.004377736085053097,4.7791637711736e-05,0.0069131496231266,0.8798265682483433,0.8653245510572949,No,No,7.817385866165649e-05,-0.0043777360850531,False,low,1.16557505314141e-08,0.4867804823835752,0.08130081300813,0.00025852014110149554
338,123,104,101,17,5,88,12,4,0.8211382113821138,0.1382113821138211,0.040650406504065,0.8461538461538461,0.1153846153846153,0.0384615384615384,0.025015634771732357,0.0008992988415698,0.0299883117492433,0.8158814278301029,0.7441942138263227,No,No,-0.0228267667292057,-0.0021888680425265,False,low,0.0008496914688687,0.5795353469249724,0.040650406504065,0.004649984664320961
339,123,104,66,47,10,58,39,7,0.5365853658536586,0.3821138211382114,0.08130081300813,0.5576923076923077,0.375,0.0673076923076923,0.02110694183864912,0.0006468856605224,0.0254339470102931,1.306620449604439,1.2625063651850337,No,No,-0.0071138211382114,-0.0139931207004377,False,high,3.8793839303163935e-05,0.9595212772858948,0.08130081300813,0.0033711250901307926
340,123,104,54,57,12,44,49,11,0.4390243902439024,0.4634146341463415,0.0975609756097561,0.4230769230769231,0.4711538461538461,0.1057692307692307,0.015947467166979257,0.0002490662751204,0.0157818337058925,1.3631794977549192,1.3793866278843945,Yes,Yes,0.0077392120075046,0.0082082551594746,False,high,4.3391612499776855e-05,0.9961344835095796,0.0975609756097561,0.0013991347018927802
341,123,104,67,41,15,57,34,13,0.5447154471544715,0.3333333333333333,0.1219512195121951,0.5480769230769231,0.3269230769230769,0.125,0.00641025641025645,3.9752292518180354e-05,0.0063049419123557,1.375921278638915,1.3778033359705537,No,No,-0.0064102564102563,0.0030487804878048,False,high,3.350936129342674e-05,0.9182958340544896,0.1219512195121951,0.00022023756954870721
342,123,104,53,63,7,45,54,5,0.4308943089430894,0.5121951219512195,0.056910569105691,0.4326923076923077,0.5192307692307693,0.048076923076923,0.008833646028768034,0.0002870524191698,0.016942621378341,1.2530843937396663,1.2244113053901355,Yes,Yes,0.0070356472795497,-0.0088336460287679,False,high,3.574253711213782e-05,0.9995708393473224,0.056910569105691,0.001475302636405692
343,123,104,60,51,12,49,44,11,0.4878048780487805,0.4146341463414634,0.0975609756097561,0.4711538461538461,0.4230769230769231,0.1057692307692307,0.01665103189493433,0.0002545196170671,0.0159536709589714,1.3593707802521564,1.3793866278843945,No,No,0.0084427767354596,0.0082082551594746,False,high,5.280957464137703e-05,0.9788698505067784,0.0975609756097561,0.0014308867037939356
344,123,104,94,23,6,79,21,4,0.7642276422764228,0.1869918699186991,0.048780487804878,0.7596153846153846,0.2019230769230769,0.0384615384615384,0.01493120700437782,0.0006530799363313,0.0255554287056849,0.961351480531629,0.9481575548300816,No,No,0.0149312070043777,-0.0103189493433395,False,medium,0.0002567133568855,0.6951360991052256,0.048780487804878,0.0034029399005961157
345,123,104,90,27,6,78,21,5,0.7317073170731707,0.2195121951219512,0.048780487804878,0.75,0.2019230769230769,0.048076923076923,0.018292682926829288,0.0003481470977084,0.0186587003220608,1.0225265684903675,0.9878466467560332,No,No,-0.0175891181988742,-0.0007035647279549,False,medium,0.0003355373493809,0.7592757847892833,0.048780487804878,0.0018768491124260365
346,123,104,108,12,3,92,9,3,0.8780487804878049,0.0975609756097561,0.024390243902439,0.8846153846153846,0.0865384615384615,0.0288461538461538,0.011022514071294552,0.0003816660833055,0.0195362760859276,0.6229837106687363,0.6095559443681166,No,No,-0.0110225140712945,0.0044559099437148,False,low,0.0002622994923254,0.4612160405139094,0.024390243902439,0.002108501808021041
347,123,104,73,41,9,59,37,8,0.5934959349593496,0.3333333333333333,0.073170731707317,0.5673076923076923,0.3557692307692308,0.0769230769230769,0.02618824265165734,0.0005104569002556,0.0225932932583021,1.2510823915135203,1.2790386177505175,No,No,0.0224358974358974,0.0037523452157598,False,high,0.0004020096425287,0.9182958340544896,0.073170731707317,0.0028581029964064855
348,123,104,109,11,3,93,8,3,0.8861788617886179,0.089430894308943,0.024390243902439,0.8942307692307693,0.0769230769230769,0.0288461538461538,0.012507817385866116,0.0004873202827851,0.0220753319971681,0.5966549386086812,0.5764334014563769,No,No,-0.0125078173858661,0.0044559099437148,False,low,0.0003702840959443,0.4345673583842648,0.024390243902439,0.0026365659746040567
349,123,104,41,74,8,35,64,5,0.3333333333333333,0.6016260162601627,0.065040650406504,0.3365384615384615,0.6153846153846154,0.048076923076923,0.01696372732958098,0.0009826478916092,0.0313472150534826,1.2257731943970958,1.170299852107336,Yes,Yes,0.0137585991244527,-0.0169637273295809,False,high,0.0001433045445701,0.969991485679179,0.065040650406504,0.004769897948984496
350,123,104,83,29,11,68,26,10,0.6747967479674797,0.2357723577235772,0.089430894308943,0.6538461538461539,0.25,0.0961538461538461,0.020950594121325876,0.0003573330657355,0.0189032554269257,1.1859009324489582,1.2256494602029662,No,No,0.0142276422764227,0.006722951844903,False,medium,0.0001985340607809,0.7879388881327561,0.089430894308943,0.002014420017999336
